"iddatasensor","rxid","rxantid","rxfw","mac","serv","rssi","fw","seq","date","state","error","batt","temp","ax","ay","az","gx","gy","gz","len","gwid","peak","g","a","fechaformato","rpm","idequipo","vrms"
13243087,NULL,NULL,NULL,"11-11-11-11-11-11","16",NULL,NULL,NULL,"2026-09-04 12:38:48",NULL,NULL,NULL,NULL,NULL,NULL,NULL,NULL,NULL,NULL,NULL,"90","0",NULL,NULL,"20260904123848",NULL,16,NULL
13242782,NULL,NULL,NULL,"11-11-11-11-11-11","16",NULL,NULL,NULL,"2026-09-04 12:33:33",NULL,NULL,NULL,NULL,NULL,NULL,NULL,NULL,NULL,NULL,NULL,"90","0",NULL,NULL,"20260904123333",NULL,16,NULL
13242481,NULL,NULL,NULL,"11-11-11-11-11-11","16",NULL,NULL,NULL,"2026-09-04 12:28:13",NULL,NULL,NULL,NULL,NULL,NULL,NULL,NULL,NULL,NULL,NULL,"90","0",NULL,NULL,"20260904122813",NULL,16,NULL
13242169,NULL,NULL,"1042151049051","11-11-11-11-11-11","16",NULL,"Operador1",NULL,"2026-09-04 12:22:48",NULL,NULL,NULL,NULL,NULL,NULL,NULL,NULL,NULL,NULL,NULL,"90","0",NULL,NULL,"20260904122248",NULL,16,NULL
13242026,NULL,NULL,NULL,"11-11-11-11-11-11","16",NULL,NULL,NULL,"2026-09-04 12:20:22",NULL,NULL,NULL,NULL,NULL,NULL,NULL,NULL,NULL,NULL,NULL,"90","1",NULL,NULL,"20260904122022",NULL,16,NULL
13241862,NULL,NULL,NULL,"11-11-11-11-11-11","16",NULL,NULL,NULL,"2026-09-04 12:10:07",NULL,NULL,NULL,NULL,NULL,NULL,NULL,NULL,NULL,NULL,NULL,"90","0",NULL,NULL,"20260904121007",NULL,16,NULL
13241824,NULL,NULL,NULL,"11-11-11-11-11-11","16",NULL,NULL,NULL,"2026-09-04 12:07:11",NULL,NULL,NULL,NULL,NULL,NULL,NULL,NULL,NULL,NULL,NULL,"90","1",NULL,NULL,"20260904120711",NULL,16,NULL
13241765,NULL,NULL,"985546753983","11-11-11-11-11-11","16",NULL,"Operador2",NULL,"2026-09-04 12:06:10",NULL,NULL,NULL,NULL,NULL,NULL,NULL,NULL,NULL,NULL,NULL,"90","0",NULL,NULL,"20260904120610",NULL,16,NULL
13241723,NULL,NULL,"287203685958","11-11-11-11-11-11","16",NULL,"rechazada",NULL,"2026-09-04 12:05:30",NULL,NULL,NULL,NULL,NULL,NULL,NULL,NULL,NULL,NULL,NULL,"90","1",NULL,NULL,"20260904120530",NULL,16,NULL
13241646,NULL,NULL,NULL,"11-11-11-11-11-11","16",NULL,NULL,NULL,"2026-09-04 12:04:08",NULL,NULL,NULL,NULL,NULL,NULL,NULL,NULL,NULL,NULL,NULL,"90","1",NULL,NULL,"20260904120408",NULL,16,NULL
13241583,NULL,NULL,NULL,"11-11-11-11-11-11","16",NULL,NULL,NULL,"2026-09-04 12:02:57",NULL,NULL,NULL,NULL,NULL,NULL,NULL,NULL,NULL,NULL,NULL,"90","1",NULL,NULL,"20260904120257",NULL,16,NULL
13241418,NULL,NULL,"287203685958","11-11-11-11-11-11","16",NULL,"rechazada",NULL,"2026-09-04 11:59:54",NULL,NULL,NULL,NULL,NULL,NULL,NULL,NULL,NULL,NULL,NULL,"90","0",NULL,NULL,"20260904115954",NULL,16,NULL
13241399,NULL,NULL,"985546753983","11-11-11-11-11-11","16",NULL,"Operador2",NULL,"2026-09-04 11:59:31",NULL,NULL,NULL,NULL,NULL,NULL,NULL,NULL,NULL,NULL,NULL,"90","0",NULL,NULL,"20260904115931",NULL,16,NULL
13241366,NULL,NULL,"1042151049051","11-11-11-11-11-11","16",NULL,"Operador1",NULL,"2026-09-04 11:58:51",NULL,NULL,NULL,NULL,NULL,NULL,NULL,NULL,NULL,NULL,NULL,"90","0",NULL,NULL,"20260904115851",NULL,16,NULL
13241340,NULL,NULL,NULL,"11-11-11-11-11-11","16",NULL,NULL,NULL,"2026-09-04 11:58:25",NULL,NULL,NULL,NULL,NULL,NULL,NULL,NULL,NULL,NULL,NULL,"90","1",NULL,NULL,"20260904115825",NULL,16,NULL
13241180,NULL,NULL,NULL,"11-11-11-11-11-11","16",NULL,NULL,NULL,"2026-09-04 11:55:48",NULL,NULL,NULL,NULL,NULL,NULL,NULL,NULL,NULL,NULL,NULL,"90","0",NULL,NULL,"20260904115548",NULL,16,NULL
13241081,NULL,NULL,"1042151049051","11-11-11-11-11-11","16",NULL,"guardian",NULL,"2026-09-04 11:52:11",NULL,NULL,NULL,NULL,NULL,NULL,NULL,NULL,NULL,NULL,NULL,"90","0",NULL,NULL,"20260904115211",NULL,16,NULL
13241041,NULL,NULL,NULL,"11-11-11-11-11-11","16",NULL,NULL,NULL,"2026-09-04 11:51:34",NULL,NULL,NULL,NULL,NULL,NULL,NULL,NULL,NULL,NULL,NULL,"90","1",NULL,NULL,"20260904115134",NULL,16,NULL
13240917,NULL,NULL,"985546753983","11-11-11-11-11-11","16",NULL,"rechazada",NULL,"2026-09-04 11:49:14",NULL,NULL,NULL,NULL,NULL,NULL,NULL,NULL,NULL,NULL,NULL,"90","1",NULL,NULL,"20260904114914",NULL,16,NULL
13240745,NULL,NULL,NULL,"11-11-11-11-11-11","16",NULL,NULL,NULL,"2026-09-04 11:46:03",NULL,NULL,NULL,NULL,NULL,NULL,NULL,NULL,NULL,NULL,NULL,"90","1",NULL,NULL,"20260904114603",NULL,16,NULL
13240680,NULL,NULL,"1042151049051","11-11-11-11-11-11","16",NULL,"guardian",NULL,"2026-09-04 11:44:37",NULL,NULL,NULL,NULL,NULL,NULL,NULL,NULL,NULL,NULL,NULL,"90","0",NULL,NULL,"20260904114437",NULL,16,NULL
13240646,NULL,NULL,NULL,"11-11-11-11-11-11","16",NULL,NULL,NULL,"2026-09-04 11:44:05",NULL,NULL,NULL,NULL,NULL,NULL,NULL,NULL,NULL,NULL,NULL,"90","1",NULL,NULL,"20260904114405",NULL,16,NULL
13240619,NULL,NULL,"1042151049051","11-11-11-11-11-11","16",NULL,"guardian",NULL,"2026-09-04 11:43:42",NULL,NULL,NULL,NULL,NULL,NULL,NULL,NULL,NULL,NULL,NULL,"90","0",NULL,NULL,"20260904114342",NULL,16,NULL
13240616,NULL,NULL,"985546753983","11-11-11-11-11-11","16",NULL,"rechazada",NULL,"2026-09-04 11:43:38",NULL,NULL,NULL,NULL,NULL,NULL,NULL,NULL,NULL,NULL,NULL,"90","0",NULL,NULL,"20260904114338",NULL,16,NULL
13240553,NULL,NULL,"1042151049051","11-11-11-11-11-11","16",NULL,"guardian",NULL,"2026-09-04 11:42:33",NULL,NULL,NULL,NULL,NULL,NULL,NULL,NULL,NULL,NULL,NULL,"90","0",NULL,NULL,"20260904114233",NULL,16,NULL
13240356,NULL,NULL,"1042151049051","11-11-11-11-11-11","16",NULL,"guardian",NULL,"2026-09-04 11:39:04",NULL,NULL,NULL,NULL,NULL,NULL,NULL,NULL,NULL,NULL,NULL,"90","0",NULL,NULL,"20260904113904",NULL,16,NULL
13240148,NULL,NULL,NULL,"11-11-11-11-11-11","16",NULL,NULL,NULL,"2026-09-04 11:35:37",NULL,NULL,NULL,NULL,NULL,NULL,NULL,NULL,NULL,NULL,NULL,"90","0",NULL,NULL,"20260904113537",NULL,16,NULL
13240125,NULL,NULL,NULL,"11-11-11-11-11-11","16",NULL,NULL,NULL,"2026-09-04 11:33:08",NULL,NULL,NULL,NULL,NULL,NULL,NULL,NULL,NULL,NULL,NULL,"90","1",NULL,NULL,"20260904113308",NULL,16,NULL
13239623,NULL,NULL,NULL,"11-11-11-11-11-11","16",NULL,NULL,NULL,"2026-09-04 11:22:39",NULL,NULL,NULL,NULL,NULL,NULL,NULL,NULL,NULL,NULL,NULL,"90","1",NULL,NULL,"20260904112239",NULL,16,NULL
13239335,NULL,NULL,NULL,"11-11-11-11-11-11","16",NULL,NULL,NULL,"2026-09-04 11:17:20",NULL,NULL,NULL,NULL,NULL,NULL,NULL,NULL,NULL,NULL,NULL,"90","1",NULL,NULL,"20260904111720",NULL,16,NULL
13239028,NULL,NULL,NULL,"11-11-11-11-11-11","16",NULL,NULL,NULL,"2026-09-04 11:12:03",NULL,NULL,NULL,NULL,NULL,NULL,NULL,NULL,NULL,NULL,NULL,"90","1",NULL,NULL,"20260904111203",NULL,16,NULL
13238645,NULL,NULL,NULL,"11-11-11-11-11-11","16",NULL,NULL,NULL,"2026-09-04 11:02:06",NULL,NULL,NULL,NULL,NULL,NULL,NULL,NULL,NULL,NULL,NULL,"90","1",NULL,NULL,"20260904110206",NULL,16,NULL
13238563,NULL,NULL,NULL,"11-11-11-11-11-11","16",NULL,NULL,NULL,"2026-09-04 11:00:47",NULL,NULL,NULL,NULL,NULL,NULL,NULL,NULL,NULL,NULL,NULL,"90","0",NULL,NULL,"20260904110047",NULL,16,NULL
13238008,NULL,NULL,NULL,"11-11-11-11-11-11","16",NULL,NULL,NULL,"2026-09-04 10:45:35",NULL,NULL,NULL,NULL,NULL,NULL,NULL,NULL,NULL,NULL,NULL,"90","0",NULL,NULL,"20260904104535",NULL,16,NULL
13237708,NULL,NULL,NULL,"11-11-11-11-11-11","16",NULL,NULL,NULL,"2026-09-04 10:40:16",NULL,NULL,NULL,NULL,NULL,NULL,NULL,NULL,NULL,NULL,NULL,"90","0",NULL,NULL,"20260904104016",NULL,16,NULL
13237415,NULL,NULL,NULL,"11-11-11-11-11-11","16",NULL,NULL,NULL,"2026-09-04 10:35:00",NULL,NULL,NULL,NULL,NULL,NULL,NULL,NULL,NULL,NULL,NULL,"90","0",NULL,NULL,"20260904103500",NULL,16,NULL
13237117,NULL,NULL,"1042151049051","11-11-11-11-11-11","16",NULL,"Operador1",NULL,"2026-09-04 10:29:40",NULL,NULL,NULL,NULL,NULL,NULL,NULL,NULL,NULL,NULL,NULL,"90","1",NULL,NULL,"20260904102940",NULL,16,NULL
13237124,NULL,NULL,"1042151049051","11-11-11-11-11-11","16",NULL,"Operador1",NULL,"2026-09-04 10:29:40",NULL,NULL,NULL,NULL,NULL,NULL,NULL,NULL,NULL,NULL,NULL,"90","0",NULL,NULL,"20260904102940",NULL,16,NULL
13237049,NULL,NULL,NULL,"11-11-11-11-11-11","16",NULL,NULL,NULL,"2026-09-04 10:28:27",NULL,NULL,NULL,NULL,NULL,NULL,NULL,NULL,NULL,NULL,NULL,"90","1",NULL,NULL,"20260904102827",NULL,16,NULL
13237046,NULL,NULL,NULL,"11-11-11-11-11-11","16",NULL,NULL,NULL,"2026-09-04 10:28:25",NULL,NULL,NULL,NULL,NULL,NULL,NULL,NULL,NULL,NULL,NULL,"90","1",NULL,NULL,"20260904102825",NULL,16,NULL
13236959,NULL,NULL,NULL,"11-11-11-11-11-11","16",NULL,NULL,NULL,"2026-09-04 10:26:52",NULL,NULL,NULL,NULL,NULL,NULL,NULL,NULL,NULL,NULL,NULL,"90","1",NULL,NULL,"20260904102652",NULL,16,NULL
13236655,NULL,NULL,NULL,"11-11-11-11-11-11","16",NULL,NULL,NULL,"2026-09-04 10:21:29",NULL,NULL,NULL,NULL,NULL,NULL,NULL,NULL,NULL,NULL,NULL,"90","1",NULL,NULL,"20260904102129",NULL,16,NULL
13236355,NULL,NULL,NULL,"11-11-11-11-11-11","16",NULL,NULL,NULL,"2026-09-04 10:16:13",NULL,NULL,NULL,NULL,NULL,NULL,NULL,NULL,NULL,NULL,NULL,"90","1",NULL,NULL,"20260904101613",NULL,16,NULL
13236353,NULL,NULL,NULL,"11-11-11-11-11-11","16",NULL,NULL,NULL,"2026-09-04 10:16:10",NULL,NULL,NULL,NULL,NULL,NULL,NULL,NULL,NULL,NULL,NULL,"90","1",NULL,NULL,"20260904101610",NULL,16,NULL
13236351,NULL,NULL,NULL,"11-11-11-11-11-11","16",NULL,NULL,NULL,"2026-09-04 10:16:09",NULL,NULL,NULL,NULL,NULL,NULL,NULL,NULL,NULL,NULL,NULL,"90","1",NULL,NULL,"20260904101609",NULL,16,NULL
13236123,NULL,NULL,"1042151049051","11-11-11-11-11-11","16",NULL,"Operador1",NULL,"2026-09-04 10:12:08",NULL,NULL,NULL,NULL,NULL,NULL,NULL,NULL,NULL,NULL,NULL,"90","0",NULL,NULL,"20260904101208",NULL,16,NULL
13236094,NULL,NULL,"1042151049051","11-11-11-11-11-11","16",NULL,"Operador1",NULL,"2026-09-04 10:11:39",NULL,NULL,NULL,NULL,NULL,NULL,NULL,NULL,NULL,NULL,NULL,"90","1",NULL,NULL,"20260904101139",NULL,16,NULL
13236102,NULL,NULL,"1042151049051","11-11-11-11-11-11","16",NULL,"Operador1",NULL,"2026-09-04 10:11:39",NULL,NULL,NULL,NULL,NULL,NULL,NULL,NULL,NULL,NULL,NULL,"90","0",NULL,NULL,"20260904101139",NULL,16,NULL
13235858,NULL,NULL,NULL,"11-11-11-11-11-11","16",NULL,NULL,NULL,"2026-09-04 10:07:28",NULL,NULL,NULL,NULL,NULL,NULL,NULL,NULL,NULL,NULL,NULL,"90","1",NULL,NULL,"20260904100728",NULL,16,NULL
13235794,NULL,NULL,"985546753983","11-11-11-11-11-11","16",NULL,"Operador2",NULL,"2026-09-04 10:06:28",NULL,NULL,NULL,NULL,NULL,NULL,NULL,NULL,NULL,NULL,NULL,"90","1",NULL,NULL,"20260904100628",NULL,16,NULL
13235798,NULL,NULL,"985546753983","11-11-11-11-11-11","16",NULL,"Operador2",NULL,"2026-09-04 10:06:28",NULL,NULL,NULL,NULL,NULL,NULL,NULL,NULL,NULL,NULL,NULL,"90","0",NULL,NULL,"20260904100628",NULL,16,NULL
13235731,NULL,NULL,NULL,"11-11-11-11-11-11","16",NULL,NULL,NULL,"2026-09-04 10:05:19",NULL,NULL,NULL,NULL,NULL,NULL,NULL,NULL,NULL,NULL,NULL,"90","1",NULL,NULL,"20260904100519",NULL,16,NULL
13235603,NULL,NULL,"985546753983","11-11-11-11-11-11","16",NULL,"Operador2",NULL,"2026-09-04 10:03:13",NULL,NULL,NULL,NULL,NULL,NULL,NULL,NULL,NULL,NULL,NULL,"90","1",NULL,NULL,"20260904100313",NULL,16,NULL
13235609,NULL,NULL,"985546753983","11-11-11-11-11-11","16",NULL,"Operador2",NULL,"2026-09-04 10:03:13",NULL,NULL,NULL,NULL,NULL,NULL,NULL,NULL,NULL,NULL,NULL,"90","0",NULL,NULL,"20260904100313",NULL,16,NULL
13235519,NULL,NULL,"287203685958","11-11-11-11-11-11","16",NULL,"rechazada",NULL,"2026-09-04 10:01:41",NULL,NULL,NULL,NULL,NULL,NULL,NULL,NULL,NULL,NULL,NULL,"90","1",NULL,NULL,"20260904100141",NULL,16,NULL
13235384,NULL,NULL,NULL,"11-11-11-11-11-11","16",NULL,NULL,NULL,"2026-09-04 09:59:06",NULL,NULL,NULL,NULL,NULL,NULL,NULL,NULL,NULL,NULL,NULL,"90","1",NULL,NULL,"20260904095906",NULL,16,NULL
13235329,NULL,NULL,"1042151049051","11-11-11-11-11-11","16",NULL,"Operador1",NULL,"2026-09-04 09:58:05",NULL,NULL,NULL,NULL,NULL,NULL,NULL,NULL,NULL,NULL,NULL,"90","1",NULL,NULL,"20260904095805",NULL,16,NULL
13235334,NULL,NULL,"1042151049051","11-11-11-11-11-11","16",NULL,"Operador1",NULL,"2026-09-04 09:58:05",NULL,NULL,NULL,NULL,NULL,NULL,NULL,NULL,NULL,NULL,NULL,"90","0",NULL,NULL,"20260904095805",NULL,16,NULL
13235229,NULL,NULL,"287203685958","11-11-11-11-11-11","16",NULL,"rechazada",NULL,"2026-09-04 09:56:23",NULL,NULL,NULL,NULL,NULL,NULL,NULL,NULL,NULL,NULL,NULL,"90","1",NULL,NULL,"20260904095623",NULL,16,NULL
13235206,NULL,NULL,"287203685958","11-11-11-11-11-11","16",NULL,"rechazada",NULL,"2026-09-04 09:56:02",NULL,NULL,NULL,NULL,NULL,NULL,NULL,NULL,NULL,NULL,NULL,"90","1",NULL,NULL,"20260904095602",NULL,16,NULL
13235055,NULL,NULL,NULL,"11-11-11-11-11-11","16",NULL,NULL,NULL,"2026-09-04 09:53:25",NULL,NULL,NULL,NULL,NULL,NULL,NULL,NULL,NULL,NULL,NULL,"90","1",NULL,NULL,"20260904095325",NULL,16,NULL
13234807,NULL,NULL,NULL,"11-11-11-11-11-11","16",NULL,NULL,NULL,"2026-09-04 09:49:10",NULL,NULL,NULL,NULL,NULL,NULL,NULL,NULL,NULL,NULL,NULL,"90","1",NULL,NULL,"20260904094910",NULL,16,NULL
13234808,NULL,NULL,NULL,"11-11-11-11-11-11","16",NULL,NULL,NULL,"2026-09-04 09:49:10",NULL,NULL,NULL,NULL,NULL,NULL,NULL,NULL,NULL,NULL,NULL,"90","1",NULL,NULL,"20260904094910",NULL,16,NULL
13234757,NULL,NULL,NULL,"11-11-11-11-11-11","16",NULL,NULL,NULL,"2026-09-04 09:48:18",NULL,NULL,NULL,NULL,NULL,NULL,NULL,NULL,NULL,NULL,NULL,"90","1",NULL,NULL,"20260904094818",NULL,16,NULL
13234617,NULL,NULL,NULL,"11-11-11-11-11-11","16",NULL,NULL,NULL,"2026-09-04 09:46:00",NULL,NULL,NULL,NULL,NULL,NULL,NULL,NULL,NULL,NULL,NULL,"90","0",NULL,NULL,"20260904094600",NULL,16,NULL
13234461,NULL,NULL,"985546753983","11-11-11-11-11-11","16",NULL,"Operador2",NULL,"2026-09-04 09:43:15",NULL,NULL,NULL,NULL,NULL,NULL,NULL,NULL,NULL,NULL,NULL,"90","0",NULL,NULL,"20260904094315",NULL,16,NULL
13234455,NULL,NULL,"1042151049051","11-11-11-11-11-11","16",NULL,"Operador1",NULL,"2026-09-04 09:43:11",NULL,NULL,NULL,NULL,NULL,NULL,NULL,NULL,NULL,NULL,NULL,"90","0",NULL,NULL,"20260904094311",NULL,16,NULL
13234431,NULL,NULL,"287203685958","11-11-11-11-11-11","16",NULL,"rechazada",NULL,"2026-09-04 09:42:47",NULL,NULL,NULL,NULL,NULL,NULL,NULL,NULL,NULL,NULL,NULL,"90","0",NULL,NULL,"20260904094247",NULL,16,NULL
13234404,NULL,NULL,"945835988230","11-11-11-11-11-11","16",NULL,"rechazada",NULL,"2026-09-04 09:42:20",NULL,NULL,NULL,NULL,NULL,NULL,NULL,NULL,NULL,NULL,NULL,"90","0",NULL,NULL,"20260904094220",NULL,16,NULL
13234399,NULL,NULL,"945835988230","11-11-11-11-11-11","16",NULL,"rechazada",NULL,"2026-09-04 09:42:14",NULL,NULL,NULL,NULL,NULL,NULL,NULL,NULL,NULL,NULL,NULL,"90","0",NULL,NULL,"20260904094214",NULL,16,NULL
13234309,NULL,NULL,NULL,"11-11-11-11-11-11","16",NULL,NULL,NULL,"2026-09-04 09:40:41",NULL,NULL,NULL,NULL,NULL,NULL,NULL,NULL,NULL,NULL,NULL,"90","0",NULL,NULL,"20260904094041",NULL,16,NULL
