fecha_carga,id_contrato,fte,id_empresa,id_faena,id_tipo_dotacion,id_nivel_1,id_nivel_2,id_nivel_3,id_gerencia,id_superintendencia,id_cargo,id_origen
2022-01-01,NULL,0.93333,1,1,1,2,1,2,1,1,1,1
2022-01-01,NULL,0.93333,1,1,1,2,2,1,2,2,2,1
2022-01-01,NULL,0.93333,1,1,1,2,2,3,2,2,3,1
2022-01-01,NULL,0.93333,1,1,1,2,2,3,2,2,3,1
2022-01-01,NULL,0.93333,1,1,1,2,2,4,2,2,4,1
2022-01-01,NULL,0.93333,1,1,1,2,2,6,3,3,5,1
2022-01-01,NULL,0.93333,1,1,1,2,2,6,3,3,5,1
2022-01-01,NULL,0.93333,1,1,1,2,2,6,3,3,6,1
2022-01-01,NULL,0.93333,1,1,1,2,2,2,2,2,7,1
2022-01-01,NULL,0.93333,1,1,1,2,2,2,2,2,7,1
2022-01-01,NULL,0.93333,1,1,1,2,2,2,2,2,8,1
2022-01-01,NULL,0.93333,1,1,1,2,2,2,2,2,2,1
2022-01-01,NULL,0.93333,1,1,1,2,2,2,2,2,2,1
2022-01-01,NULL,0.93333,1,1,1,2,2,2,2,2,2,1
2022-01-01,NULL,0.93333,1,1,1,2,2,2,2,2,2,1
2022-01-01,NULL,0.93333,1,1,1,2,2,2,2,2,2,1
2022-01-01,NULL,0.93333,1,1,1,2,2,2,2,2,2,1
2022-01-01,NULL,0.93333,1,1,1,2,2,2,2,2,2,1
2022-01-01,NULL,0.93333,1,1,1,2,2,2,2,2,2,1
2022-01-01,NULL,0.93333,1,1,1,2,2,2,2,2,2,1
2022-01-01,NULL,0.93333,1,1,1,2,2,2,2,2,2,1
2022-01-01,NULL,0.93333,1,1,1,2,2,2,2,2,2,1
2022-01-01,NULL,0.93333,1,1,1,2,2,2,2,2,2,1
2022-01-01,NULL,0.93333,1,1,1,2,2,2,2,2,2,1
2022-01-01,NULL,0.93333,1,1,1,2,2,2,2,2,2,1
2022-01-01,NULL,0.93333,1,1,1,2,2,2,2,2,2,1
2022-01-01,NULL,0.93333,1,1,1,2,2,2,2,2,2,1
2022-01-01,NULL,0.93333,1,1,1,2,2,2,2,2,2,1
2022-01-01,NULL,0.93333,1,1,1,2,2,2,2,2,2,1
2022-01-01,NULL,0.93333,1,1,1,2,2,2,2,2,2,1
2022-01-01,NULL,0.93333,1,1,1,2,2,2,2,2,2,1
2022-01-01,NULL,0.93333,1,1,1,2,2,2,2,2,2,1
2022-01-01,NULL,0.93333,1,1,1,2,2,2,2,2,2,1
2022-01-01,NULL,0.93333,1,1,1,2,2,2,2,2,2,1
2022-01-01,NULL,0.93333,1,1,1,2,2,2,2,2,2,1
2022-01-01,NULL,0.93333,1,1,1,2,2,2,2,2,2,1
2022-01-01,NULL,0.93333,1,1,1,2,2,2,2,2,2,1
2022-01-01,NULL,0.93333,1,1,1,2,2,2,2,2,2,1
2022-01-01,NULL,0.93333,1,1,1,2,2,2,2,2,2,1
2022-01-01,NULL,0.93333,1,1,1,2,2,2,2,2,2,1
2022-01-01,NULL,0.93333,1,1,1,2,2,2,2,2,2,1
2022-01-01,NULL,0.93333,1,1,1,2,2,2,2,2,2,1
2022-01-01,NULL,0.93333,1,1,1,2,2,2,2,2,2,1
2022-01-01,NULL,0.93333,1,1,1,2,2,2,2,2,2,1
2022-01-01,NULL,0.93333,1,1,1,2,2,7,2,2,11,1
2022-01-01,NULL,0.93333,1,1,1,2,2,7,2,5,12,1
2022-01-01,NULL,0.93333,1,1,1,2,1,1,1,1,13,1
2022-01-01,NULL,0.93333,1,1,1,2,1,1,1,1,14,1
2022-01-01,NULL,0.93333,1,1,1,2,1,1,1,1,15,1
2022-01-01,NULL,0.93333,1,1,1,2,1,1,1,1,15,1
2022-01-01,NULL,0.93333,1,1,1,2,1,3,1,1,16,1
2022-01-01,NULL,0.93333,1,1,1,2,1,3,1,1,17,1
2022-01-01,NULL,0.93333,1,1,1,2,1,4,1,1,15,1
2022-01-01,NULL,0.93333,1,1,1,2,1,4,1,1,15,1
2022-01-01,NULL,0.93333,1,1,1,2,1,6,1,1,18,1
2022-01-01,NULL,0.93333,1,1,1,2,1,6,1,1,19,1
2022-01-01,NULL,0.93333,1,1,1,2,1,6,1,1,20,1
2022-01-01,NULL,0.93333,1,1,1,2,1,6,1,1,21,1
2022-01-01,NULL,0.93333,1,1,1,2,1,6,1,1,22,1
2022-01-01,NULL,0.93333,1,1,1,2,1,6,1,1,23,1
2022-01-01,NULL,0.93333,1,1,1,2,1,2,1,1,24,1
2022-01-01,NULL,0.93333,1,1,1,2,1,2,1,1,1,1
2022-01-01,NULL,0.93333,1,1,1,2,1,7,1,1,25,1
2022-01-01,NULL,0.93333,1,1,1,2,2,1,2,2,26,1
2022-01-01,NULL,0.93333,1,1,1,2,2,1,2,2,27,1
2022-01-01,NULL,0.93333,1,1,1,2,2,1,2,2,27,1
2022-01-01,NULL,0.93333,1,1,1,2,2,1,2,2,27,1
2022-01-01,NULL,0.93333,1,1,1,2,2,1,2,2,28,1
2022-01-01,NULL,0.93333,1,1,1,2,2,1,2,2,9,1
2022-01-01,NULL,0.93333,1,1,1,2,2,1,2,2,9,1
2022-01-01,NULL,0.93333,1,1,1,2,2,1,2,2,9,1
2022-01-01,NULL,0.93333,1,1,1,2,2,1,2,2,9,1
2022-01-01,NULL,0.93333,1,1,1,2,2,1,2,2,10,1
2022-01-01,NULL,0.93333,1,1,1,2,2,1,2,2,10,1
2022-01-01,NULL,0.93333,1,1,1,2,2,1,2,2,10,1
2022-01-01,NULL,0.93333,1,1,1,2,2,1,2,2,10,1
2022-01-01,NULL,0.93333,1,1,1,2,2,1,2,2,10,1
2022-01-01,NULL,0.93333,1,1,1,2,2,1,2,2,10,1
2022-01-01,NULL,0.93333,1,1,1,2,2,1,2,2,10,1
2022-01-01,NULL,0.93333,1,1,1,2,2,1,2,2,10,1
2022-01-01,NULL,0.93333,1,1,1,2,2,1,2,2,10,1
2022-01-01,NULL,0.93333,1,1,1,2,2,1,2,2,7,1
2022-01-01,NULL,0.93333,1,1,1,2,2,1,2,2,7,1
2022-01-01,NULL,0.93333,1,1,1,2,2,1,2,2,7,1
2022-01-01,NULL,0.93333,1,1,1,2,2,1,2,2,7,1
2022-01-01,NULL,0.93333,1,1,1,2,2,1,2,2,7,1
2022-01-01,NULL,0.93333,1,1,1,2,2,1,2,2,7,1
2022-01-01,NULL,0.93333,1,1,1,2,2,1,2,2,8,1
2022-01-01,NULL,0.93333,1,1,1,2,2,1,2,2,8,1
2022-01-01,NULL,0.93333,1,1,1,2,2,1,2,2,8,1
2022-01-01,NULL,0.93333,1,1,1,2,2,1,2,2,8,1
2022-01-01,NULL,0.93333,1,1,1,2,2,1,2,2,8,1
2022-01-01,NULL,0.93333,1,1,1,2,2,1,2,2,8,1
2022-01-01,NULL,0.93333,1,1,1,2,2,1,2,2,8,1
2022-01-01,NULL,0.93333,1,1,1,2,2,1,2,2,8,1
2022-01-01,NULL,0.93333,1,1,1,2,2,1,2,2,2,1
2022-01-01,NULL,0.93333,1,1,1,2,2,1,2,2,2,1
2022-01-01,NULL,0.93333,1,1,1,2,2,1,2,2,2,1
2022-01-01,NULL,0.93333,1,1,1,2,2,1,2,2,2,1
2022-01-01,NULL,0.93333,1,1,1,2,2,1,2,2,2,1
2022-01-01,NULL,0.93333,1,1,1,2,2,1,2,2,2,1
2022-01-01,NULL,0.93333,1,1,1,2,2,1,2,2,2,1
2022-01-01,NULL,0.93333,1,1,1,2,2,1,2,2,2,1
2022-01-01,NULL,0.93333,1,1,1,2,2,1,2,2,2,1
2022-01-01,NULL,0.93333,1,1,1,2,2,1,2,2,2,1
2022-01-01,NULL,0.93333,1,1,1,2,2,1,2,2,2,1
2022-01-01,NULL,0.93333,1,1,1,2,2,1,2,2,2,1
2022-01-01,NULL,0.93333,1,1,1,2,2,1,2,2,2,1
2022-01-01,NULL,0.93333,1,1,1,2,2,1,2,2,2,1
2022-01-01,NULL,0.93333,1,1,1,2,2,1,2,2,29,1
2022-01-01,NULL,0.93333,1,1,1,2,2,3,2,2,30,1
2022-01-01,NULL,0.93333,1,1,1,2,2,3,2,4,10,1
2022-01-01,NULL,0.93333,1,1,1,2,2,3,2,2,31,1
2022-01-01,NULL,0.93333,1,1,1,2,2,3,2,2,3,1
2022-01-01,NULL,0.93333,1,1,1,2,2,3,2,2,3,1
2022-01-01,NULL,0.93333,1,1,1,2,2,3,2,2,3,1
2022-01-01,NULL,0.93333,1,1,1,2,2,4,2,2,4,1
2022-01-01,NULL,0.93333,1,1,1,2,2,4,2,2,4,1
2022-01-01,NULL,0.93333,1,1,1,2,2,4,2,2,4,1
2022-01-01,NULL,0.93333,1,1,1,2,2,4,2,2,32,1
2022-01-01,NULL,0.93333,1,1,1,2,2,4,2,2,27,1
2022-01-01,NULL,0.93333,1,1,1,2,2,4,2,2,27,1
2022-01-01,NULL,0.93333,1,1,1,2,2,4,2,2,27,1
2022-01-01,NULL,0.93333,1,1,1,2,2,4,2,2,27,1
2022-01-01,NULL,0.93333,1,1,1,2,2,4,2,2,27,1
2022-01-01,NULL,0.93333,1,1,1,2,2,4,2,2,27,1
2022-01-01,NULL,0.93333,1,1,1,2,2,4,2,2,27,1
2022-01-01,NULL,0.93333,1,1,1,2,2,4,2,2,27,1
2022-01-01,NULL,0.93333,1,1,1,2,2,4,2,2,27,1
2022-01-01,NULL,0.93333,1,1,1,2,2,4,2,2,27,1
2022-01-01,NULL,0.93333,1,1,1,2,2,4,2,2,27,1
2022-01-01,NULL,0.93333,1,1,1,2,2,4,2,2,27,1
2022-01-01,NULL,0.93333,1,1,1,2,2,4,2,2,27,1
2022-01-01,NULL,0.93333,1,1,1,2,2,4,2,2,27,1
2022-01-01,NULL,0.93333,1,1,1,2,2,4,2,2,27,1
2022-01-01,NULL,0.93333,1,1,1,2,2,4,2,2,28,1
2022-01-01,NULL,0.93333,1,1,1,2,2,4,2,2,28,1
2022-01-01,NULL,0.93333,1,1,1,2,2,4,2,2,28,1
2022-01-01,NULL,0.93333,1,1,1,2,2,4,2,2,28,1
2022-01-01,NULL,0.93333,1,1,1,2,2,4,2,2,9,1
2022-01-01,NULL,0.93333,1,1,1,2,2,4,2,2,9,1
2022-01-01,NULL,0.93333,1,1,1,2,2,4,2,2,9,1
2022-01-01,NULL,0.93333,1,1,1,2,2,4,2,2,9,1
2022-01-01,NULL,0.93333,1,1,1,2,2,4,2,2,9,1
2022-01-01,NULL,0.93333,1,1,1,2,2,4,2,2,9,1
2022-01-01,NULL,0.93333,1,1,1,2,2,4,2,2,9,1
2022-01-01,NULL,0.93333,1,1,1,2,2,4,2,2,9,1
2022-01-01,NULL,0.93333,1,1,1,2,2,4,2,2,10,1
2022-01-01,NULL,0.93333,1,1,1,2,2,4,2,2,10,1
2022-01-01,NULL,0.93333,1,1,1,2,2,4,2,2,10,1
2022-01-01,NULL,0.93333,1,1,1,2,2,4,2,4,10,1
2022-01-01,NULL,0.93333,1,1,1,2,2,4,2,2,2,1
2022-01-01,NULL,0.93333,1,1,1,2,2,4,2,2,2,1
2022-01-01,NULL,0.93333,1,1,1,2,2,4,2,2,33,1
2022-01-01,NULL,0.93333,1,1,1,2,2,6,3,3,34,1
2022-01-01,NULL,0.93333,1,1,1,2,2,6,3,3,35,1
2022-01-01,NULL,1.0,1,1,1,2,2,6,3,3,36,1
2022-01-01,NULL,1.0,1,1,1,2,2,6,3,3,37,1
2022-01-01,NULL,0.93333,1,1,1,2,2,6,2,2,27,1
2022-01-01,NULL,0.93333,1,1,1,2,2,6,2,2,9,1
2022-01-01,NULL,0.93333,1,1,1,2,2,6,2,2,9,1
2022-01-01,NULL,0.93333,1,1,1,2,2,6,2,2,7,1
2022-01-01,NULL,0.93333,1,1,1,2,2,6,2,2,2,1
2022-01-01,NULL,0.93333,1,1,1,2,2,6,2,2,2,1
2022-01-01,NULL,0.93333,1,1,1,2,2,6,3,3,38,1
2022-01-01,NULL,0.93333,1,1,1,2,2,2,2,2,26,1
2022-01-01,NULL,0.93333,1,1,1,2,2,2,2,2,26,1
2022-01-01,NULL,0.93333,1,1,1,2,2,2,2,2,26,1
2022-01-01,NULL,0.93333,1,1,1,2,2,2,2,2,26,1
2022-01-01,NULL,0.93333,1,1,1,2,2,2,2,2,26,1
2022-01-01,NULL,0.93333,1,1,1,2,2,2,2,2,26,1
2022-01-01,NULL,0.93333,1,1,1,2,2,2,2,2,26,1
2022-01-01,NULL,0.93333,1,1,1,2,2,2,2,2,27,1
2022-01-01,NULL,0.93333,1,1,1,2,2,2,2,2,27,1
2022-01-01,NULL,0.93333,1,1,1,2,2,2,2,2,27,1
2022-01-01,NULL,0.93333,1,1,1,2,2,2,2,2,27,1
2022-01-01,NULL,0.93333,1,1,1,2,2,2,2,2,27,1
2022-01-01,NULL,0.93333,1,1,1,2,2,2,2,2,27,1
2022-01-01,NULL,0.93333,1,1,1,2,2,2,2,2,27,1
2022-01-01,NULL,0.93333,1,1,1,2,2,2,2,2,27,1
2022-01-01,NULL,0.93333,1,1,1,2,2,2,2,2,27,1
2022-01-01,NULL,0.93333,1,1,1,2,2,2,2,2,27,1
2022-01-01,NULL,0.93333,1,1,1,2,2,2,2,2,27,1
2022-01-01,NULL,0.93333,1,1,1,2,2,2,2,2,27,1
2022-01-01,NULL,0.93333,1,1,1,2,2,2,2,2,27,1
2022-01-01,NULL,0.93333,1,1,1,2,2,2,2,2,27,1
2022-01-01,NULL,0.93333,1,1,1,2,2,2,2,2,27,1
2022-01-01,NULL,0.93333,1,1,1,2,2,2,2,2,28,1
2022-01-01,NULL,0.93333,1,1,1,2,2,2,2,2,28,1
2022-01-01,NULL,0.93333,1,1,1,2,2,2,2,2,28,1
2022-01-01,NULL,0.93333,1,1,1,2,2,2,2,2,28,1
2022-01-01,NULL,0.93333,1,1,1,2,2,2,2,2,9,1
2022-01-01,NULL,0.93333,1,1,1,2,2,2,2,2,9,1
2022-01-01,NULL,0.93333,1,1,1,2,2,2,2,2,9,1
2022-01-01,NULL,0.93333,1,1,1,2,2,2,2,2,9,1
2022-01-01,NULL,0.93333,1,1,1,2,2,2,2,2,9,1
2022-01-01,NULL,0.93333,1,1,1,2,2,2,2,2,9,1
2022-01-01,NULL,0.93333,1,1,1,2,2,2,2,2,9,1
2022-01-01,NULL,0.93333,1,1,1,2,2,2,2,2,9,1
2022-01-01,NULL,0.93333,1,1,1,2,2,2,2,2,9,1
2022-01-01,NULL,0.93333,1,1,1,2,2,2,2,2,9,1
2022-01-01,NULL,0.93333,1,1,1,2,2,2,2,2,9,1
2022-01-01,NULL,0.93333,1,1,1,2,2,2,2,2,9,1
2022-01-01,NULL,0.93333,1,1,1,2,2,2,2,2,9,1
2022-01-01,NULL,0.93333,1,1,1,2,2,2,2,2,9,1
2022-01-01,NULL,0.93333,1,1,1,2,2,2,2,2,9,1
2022-01-01,NULL,0.93333,1,1,1,2,2,2,2,2,9,1
2022-01-01,NULL,0.93333,1,1,1,2,2,2,2,2,9,1
2022-01-01,NULL,0.93333,1,1,1,2,2,2,2,2,9,1
2022-01-01,NULL,0.93333,1,1,1,2,2,2,2,2,9,1
2022-01-01,NULL,0.93333,1,1,1,2,2,2,2,2,9,1
2022-01-01,NULL,0.93333,1,1,1,2,2,2,2,2,9,1
2022-01-01,NULL,0.93333,1,1,1,2,2,2,2,2,10,1
2022-01-01,NULL,0.93333,1,1,1,2,2,2,2,2,10,1
2022-01-01,NULL,0.93333,1,1,1,2,2,2,2,2,10,1
2022-01-01,NULL,0.93333,1,1,1,2,2,2,2,2,10,1
2022-01-01,NULL,0.93333,1,1,1,2,2,2,2,2,10,1
2022-01-01,NULL,0.93333,1,1,1,2,2,2,2,2,10,1
2022-01-01,NULL,0.93333,1,1,1,2,2,2,2,2,10,1
2022-01-01,NULL,0.93333,1,1,1,2,2,2,2,2,10,1
2022-01-01,NULL,0.93333,1,1,1,2,2,2,2,2,10,1
2022-01-01,NULL,0.93333,1,1,1,2,2,2,2,2,10,1
2022-01-01,NULL,0.93333,1,1,1,2,2,2,2,2,10,1
2022-01-01,NULL,0.93333,1,1,1,2,2,2,2,2,10,1
2022-01-01,NULL,0.93333,1,1,1,2,2,2,2,2,10,1
2022-01-01,NULL,0.93333,1,1,1,2,2,2,2,2,10,1
2022-01-01,NULL,0.93333,1,1,1,2,2,2,2,2,10,1
2022-01-01,NULL,0.93333,1,1,1,2,2,2,2,2,10,1
2022-01-01,NULL,0.93333,1,1,1,2,2,2,2,2,10,1
2022-01-01,NULL,0.93333,1,1,1,2,2,2,2,2,10,1
2022-01-01,NULL,0.93333,1,1,1,2,2,2,2,2,10,1
2022-01-01,NULL,0.93333,1,1,1,2,2,2,2,2,10,1
2022-01-01,NULL,0.93333,1,1,1,2,2,2,2,2,10,1
2022-01-01,NULL,0.93333,1,1,1,2,2,2,2,2,10,1
2022-01-01,NULL,0.93333,1,1,1,2,2,2,2,2,10,1
2022-01-01,NULL,0.93333,1,1,1,2,2,2,2,2,10,1
2022-01-01,NULL,0.93333,1,1,1,2,2,2,2,2,10,1
2022-01-01,NULL,0.93333,1,1,1,2,2,2,2,2,10,1
2022-01-01,NULL,0.93333,1,1,1,2,2,2,2,2,10,1
2022-01-01,NULL,0.93333,1,1,1,2,2,2,2,2,10,1
2022-01-01,NULL,0.93333,1,1,1,2,2,2,2,2,10,1
2022-01-01,NULL,0.93333,1,1,1,2,2,2,2,2,10,1
2022-01-01,NULL,0.93333,1,1,1,2,2,2,2,2,10,1
2022-01-01,NULL,0.93333,1,1,1,2,2,2,2,2,10,1
2022-01-01,NULL,0.93333,1,1,1,2,2,2,2,2,10,1
2022-01-01,NULL,0.93333,1,1,1,2,2,2,2,2,10,1
2022-01-01,NULL,0.93333,1,1,1,2,2,2,2,2,10,1
2022-01-01,NULL,0.93333,1,1,1,2,2,2,2,2,10,1
2022-01-01,NULL,0.93333,1,1,1,2,2,2,2,2,10,1
2022-01-01,NULL,0.93333,1,1,1,2,2,2,2,2,10,1
2022-01-01,NULL,0.93333,1,1,1,2,2,2,2,2,10,1
2022-01-01,NULL,0.93333,1,1,1,2,2,2,2,2,10,1
2022-01-01,NULL,0.93333,1,1,1,2,2,2,2,2,10,1
2022-01-01,NULL,0.93333,1,1,1,2,2,2,2,2,10,1
2022-01-01,NULL,0.93333,1,1,1,2,2,2,2,2,10,1
2022-01-01,NULL,0.93333,1,1,1,2,2,2,2,2,10,1
2022-01-01,NULL,0.93333,1,1,1,2,2,2,2,2,10,1
2022-01-01,NULL,0.93333,1,1,1,2,2,2,2,2,10,1
2022-01-01,NULL,0.93333,1,1,1,2,2,2,2,2,10,1
2022-01-01,NULL,0.93333,1,1,1,2,2,2,2,2,7,1
2022-01-01,NULL,0.93333,1,1,1,2,2,2,2,2,7,1
2022-01-01,NULL,0.93333,1,1,1,2,2,2,2,2,7,1
2022-01-01,NULL,0.93333,1,1,1,2,2,2,2,2,7,1
2022-01-01,NULL,0.93333,1,1,1,2,2,2,2,2,7,1
2022-01-01,NULL,0.93333,1,1,1,2,2,2,2,2,7,1
2022-01-01,NULL,0.93333,1,1,1,2,2,2,2,2,7,1
2022-01-01,NULL,0.93333,1,1,1,2,2,2,2,2,7,1
2022-01-01,NULL,0.93333,1,1,1,2,2,2,2,2,7,1
2022-01-01,NULL,0.93333,1,1,1,2,2,2,2,2,7,1
2022-01-01,NULL,0.93333,1,1,1,2,2,2,2,2,7,1
2022-01-01,NULL,0.93333,1,1,1,2,2,2,2,2,7,1
2022-01-01,NULL,0.93333,1,1,1,2,2,2,2,2,7,1
2022-01-01,NULL,0.93333,1,1,1,2,2,2,2,2,7,1
2022-01-01,NULL,0.93333,1,1,1,2,2,2,2,2,7,1
2022-01-01,NULL,0.93333,1,1,1,2,2,2,2,2,7,1
2022-01-01,NULL,0.93333,1,1,1,2,2,2,2,2,7,1
2022-01-01,NULL,0.93333,1,1,1,2,2,2,2,2,7,1
2022-01-01,NULL,0.93333,1,1,1,2,2,2,2,2,7,1
2022-01-01,NULL,0.93333,1,1,1,2,2,2,2,2,7,1
2022-01-01,NULL,0.93333,1,1,1,2,2,2,2,2,7,1
2022-01-01,NULL,0.93333,1,1,1,2,2,2,2,2,7,1
2022-01-01,NULL,0.93333,1,1,1,2,2,2,2,2,7,1
2022-01-01,NULL,0.93333,1,1,1,2,2,2,2,2,7,1
2022-01-01,NULL,0.93333,1,1,1,2,2,2,2,2,7,1
2022-01-01,NULL,0.93333,1,1,1,2,2,2,2,2,7,1
2022-01-01,NULL,0.93333,1,1,1,2,2,2,2,2,7,1
2022-01-01,NULL,0.93333,1,1,1,2,2,2,2,2,7,1
2022-01-01,NULL,0.93333,1,1,1,2,2,2,2,2,8,1
2022-01-01,NULL,0.93333,1,1,1,2,2,2,2,2,8,1
2022-01-01,NULL,0.93333,1,1,1,2,2,2,2,2,8,1
2022-01-01,NULL,0.93333,1,1,1,2,2,2,2,2,8,1
2022-01-01,NULL,0.93333,1,1,1,2,2,2,2,2,8,1
2022-01-01,NULL,0.93333,1,1,1,2,2,2,2,2,8,1
2022-01-01,NULL,0.93333,1,1,1,2,2,2,2,2,8,1
2022-01-01,NULL,0.93333,1,1,1,2,2,2,2,2,8,1
2022-01-01,NULL,0.93333,1,1,1,2,2,2,2,2,8,1
2022-01-01,NULL,0.93333,1,1,1,2,2,2,2,2,8,1
2022-01-01,NULL,0.93333,1,1,1,2,2,2,2,2,8,1
2022-01-01,NULL,0.93333,1,1,1,2,2,2,2,2,8,1
2022-01-01,NULL,0.93333,1,1,1,2,2,2,2,2,8,1
2022-01-01,NULL,0.93333,1,1,1,2,2,2,2,2,8,1
2022-01-01,NULL,0.93333,1,1,1,2,2,2,2,2,8,1
2022-01-01,NULL,0.93333,1,1,1,2,2,2,2,2,8,1
2022-01-01,NULL,0.93333,1,1,1,2,2,2,2,2,8,1
2022-01-01,NULL,0.93333,1,1,1,2,2,2,2,2,8,1
2022-01-01,NULL,0.93333,1,1,1,2,2,2,2,2,8,1
2022-01-01,NULL,0.93333,1,1,1,2,2,2,2,2,8,1
2022-01-01,NULL,0.93333,1,1,1,2,2,2,2,2,8,1
2022-01-01,NULL,0.93333,1,1,1,2,2,2,2,2,8,1
2022-01-01,NULL,0.93333,1,1,1,2,2,2,2,2,8,1
2022-01-01,NULL,0.93333,1,1,1,2,2,2,2,2,8,1
2022-01-01,NULL,0.93333,1,1,1,2,2,2,2,2,8,1
2022-01-01,NULL,0.93333,1,1,1,2,2,2,2,2,8,1
2022-01-01,NULL,0.93333,1,1,1,2,2,2,2,2,8,1
2022-01-01,NULL,0.93333,1,1,1,2,2,2,2,2,8,1
2022-01-01,NULL,0.93333,1,1,1,2,2,2,2,2,8,1
2022-01-01,NULL,0.93333,1,1,1,2,2,2,2,2,8,1
2022-01-01,NULL,0.93333,1,1,1,2,2,2,2,2,8,1
2022-01-01,NULL,0.93333,1,1,1,2,2,2,2,2,8,1
2022-01-01,NULL,0.93333,1,1,1,2,2,2,2,2,8,1
2022-01-01,NULL,0.93333,1,1,1,2,2,2,2,2,8,1
2022-01-01,NULL,0.93333,1,1,1,2,2,2,2,2,8,1
2022-01-01,NULL,0.93333,1,1,1,2,2,2,2,2,8,1
2022-01-01,NULL,0.93333,1,1,1,2,2,2,2,2,8,1
2022-01-01,NULL,0.93333,1,1,1,2,2,2,2,2,8,1
2022-01-01,NULL,0.93333,1,1,1,2,2,2,2,2,53,1
2022-01-01,NULL,0.93333,1,1,1,2,2,2,2,2,2,1
2022-01-01,NULL,0.93333,1,1,1,2,2,2,2,2,2,1
2022-01-01,NULL,0.93333,1,1,1,2,2,2,2,2,2,1
2022-01-01,NULL,0.93333,1,1,1,2,2,2,2,2,2,1
2022-01-01,NULL,0.93333,1,1,1,2,2,2,2,2,2,1
2022-01-01,NULL,0.93333,1,1,1,2,2,2,2,2,2,1
2022-01-01,NULL,0.93333,1,1,1,2,2,2,2,2,2,1
2022-01-01,NULL,0.93333,1,1,1,2,2,2,2,2,2,1
2022-01-01,NULL,0.93333,1,1,1,2,2,2,2,2,2,1
2022-01-01,NULL,0.93333,1,1,1,2,2,2,2,2,2,1
2022-01-01,NULL,0.93333,1,1,1,2,2,2,2,2,2,1
2022-01-01,NULL,0.93333,1,1,1,2,2,2,2,2,2,1
2022-01-01,NULL,0.93333,1,1,1,2,2,2,2,2,2,1
2022-01-01,NULL,0.93333,1,1,1,2,2,2,2,2,2,1
2022-01-01,NULL,0.93333,1,1,1,2,2,2,2,2,2,1
2022-01-01,NULL,0.93333,1,1,1,2,2,2,2,2,2,1
2022-01-01,NULL,0.93333,1,1,1,2,2,2,2,2,2,1
2022-01-01,NULL,0.93333,1,1,1,2,2,2,2,2,2,1
2022-01-01,NULL,0.93333,1,1,1,2,2,2,2,2,2,1
2022-01-01,NULL,0.93333,1,1,1,2,2,2,2,2,2,1
2022-01-01,NULL,0.93333,1,1,1,2,2,2,2,2,2,1
2022-01-01,NULL,0.93333,1,1,1,2,2,2,2,2,2,1
2022-01-01,NULL,0.93333,1,1,1,2,2,2,2,2,2,1
2022-01-01,NULL,0.93333,1,1,1,2,2,2,2,2,2,1
2022-01-01,NULL,0.93333,1,1,1,2,2,2,2,2,2,1
2022-01-01,NULL,0.93333,1,1,1,2,2,2,2,2,2,1
2022-01-01,NULL,0.93333,1,1,1,2,2,2,2,2,2,1
2022-01-01,NULL,0.93333,1,1,1,2,2,2,2,2,2,1
2022-01-01,NULL,0.93333,1,1,1,2,2,2,2,2,2,1
2022-01-01,NULL,0.93333,1,1,1,2,2,2,2,2,2,1
2022-01-01,NULL,0.93333,1,1,1,2,2,2,2,2,2,1
2022-01-01,NULL,0.93333,1,1,1,2,2,2,2,2,2,1
2022-01-01,NULL,0.93333,1,1,1,2,2,2,2,2,2,1
2022-01-01,NULL,0.93333,1,1,1,2,2,2,2,2,2,1
2022-01-01,NULL,0.93333,1,1,1,2,2,2,2,2,2,1
2022-01-01,NULL,0.93333,1,1,1,2,2,2,2,2,2,1
2022-01-01,NULL,0.93333,1,1,1,2,2,2,2,2,2,1
2022-01-01,NULL,0.93333,1,1,1,2,2,2,2,2,2,1
2022-01-01,NULL,0.93333,1,1,1,2,2,2,2,2,2,1
2022-01-01,NULL,0.93333,1,1,1,2,2,2,2,2,2,1
2022-01-01,NULL,0.93333,1,1,1,2,2,2,2,2,2,1
2022-01-01,NULL,0.93333,1,1,1,2,2,2,2,2,2,1
2022-01-01,NULL,0.93333,1,1,1,2,2,2,2,2,2,1
2022-01-01,NULL,0.93333,1,1,1,2,2,2,2,2,2,1
2022-01-01,NULL,0.93333,1,1,1,2,2,2,2,2,39,1
2022-01-01,NULL,0.93333,1,1,1,2,2,2,2,2,40,1
2022-01-01,NULL,0.93333,1,1,1,2,2,7,2,2,41,1
2022-01-01,NULL,0.93333,1,1,1,2,2,7,2,2,42,1
2022-01-01,NULL,0.93333,1,1,1,2,2,7,4,6,43,1
2022-01-01,NULL,0.93333,1,1,1,2,2,7,4,6,43,1
2022-01-01,NULL,0.93333,1,1,1,2,2,7,4,6,43,1
2022-01-01,NULL,0.93333,1,1,1,2,2,7,4,6,43,1
2022-01-01,NULL,0.93333,1,1,1,2,2,5,2,2,44,1
2022-01-01,4540003813,0.68996,1,1,2,2,1,1,6,8,54,2
2022-01-01,4540005492,0.01344,1,1,2,2,1,1,7,9,55,2
2022-01-01,4540005492,0.02183,1,1,2,2,1,1,7,9,55,2
2022-01-01,4540005492,0.03047,1,1,2,2,1,1,7,9,55,2
2022-01-01,4540005492,0.03519,1,1,2,2,1,1,7,9,55,2
2022-01-01,4540005492,0.08378,1,1,2,2,1,1,7,9,55,2
2022-01-01,4540005492,0.04435,1,1,2,2,1,1,7,9,55,2
2022-01-01,4540005492,0.04928,1,1,2,2,1,1,7,9,55,2
2022-01-01,4540005492,0.09676,1,1,2,2,1,1,7,9,55,2
2022-01-01,4540005492,0.07392,1,1,2,2,1,1,7,9,55,2
2022-01-01,4540005492,0.04074,1,1,2,2,1,1,7,9,55,2
2022-01-01,4540005492,0.09364,1,1,2,2,1,1,7,9,55,2
2022-01-01,4540000807,0.09165,1,1,2,2,1,1,6,8,56,2
2022-01-01,4540000807,0.06803,1,1,2,2,1,1,6,8,56,2
2022-01-01,4540000807,0.13338,1,1,2,2,1,1,6,8,56,2
2022-01-01,4540000807,0.12526,1,1,2,2,1,1,6,8,56,2
2022-01-01,4540000807,0.085,1,1,2,2,1,1,6,8,56,2
2022-01-01,4540000807,0.02381,1,1,2,2,1,1,6,8,56,2
2022-01-01,4540000807,0.06912,1,1,2,2,1,1,6,8,56,2
2022-01-01,4540000807,0.15975,1,1,2,2,1,1,6,8,56,2
2022-01-01,4540000807,0.16085,1,1,2,2,1,1,6,8,56,2
2022-01-01,4540000807,0.16129,1,1,2,2,1,1,6,8,56,2
2022-01-01,4540000807,0.2,1,1,2,2,1,1,6,8,56,2
2022-01-01,4540000807,0.16129,1,1,2,2,1,1,6,8,56,2
2022-01-01,4540000807,1.26186,1,1,2,2,1,1,6,8,56,2
2022-01-01,4540000807,1.20668,1,1,2,2,1,1,6,8,56,2
2022-01-01,4540000807,1.39661,1,1,2,2,1,1,6,8,56,2
2022-01-01,4540000807,1.41323,1,1,2,2,1,1,6,8,56,2
2022-01-01,4540000807,1.45737,1,1,2,2,1,1,6,8,56,2
2022-01-01,4540000807,0.67024,1,1,2,2,1,1,6,8,56,2
2022-01-01,4540000807,1.38155,1,1,2,2,1,1,6,8,56,2
2022-01-01,4540000807,1.39196,1,1,2,2,1,1,6,8,56,2
2022-01-01,4540000807,1.44453,1,1,2,2,1,1,6,8,56,2
2022-01-01,4540000807,1.4226,1,1,2,2,1,1,6,8,56,2
2022-01-01,4540000807,1.42685,1,1,2,2,1,1,6,8,56,2
2022-01-01,4540000807,1.38082,1,1,2,2,1,1,6,8,56,2
2022-01-01,4540000807,0.14721,1,1,2,2,1,1,6,8,56,2
2022-01-01,4540000807,0.13813,1,1,2,2,1,1,6,8,56,2
2022-01-01,4540000807,0.1612,1,1,2,2,1,1,6,8,56,2
2022-01-01,4540000807,0.15904,1,1,2,2,1,1,6,8,56,2
2022-01-01,4540000807,0.15664,1,1,2,2,1,1,6,8,56,2
2022-01-01,4540000807,0.2087,1,1,2,2,1,1,6,8,56,2
2022-01-01,4540000807,0.18885,1,1,2,2,1,1,6,8,56,2
2022-01-01,4540000807,0.19654,1,1,2,2,1,1,6,8,56,2
2022-01-01,4540000807,0.19828,1,1,2,2,1,1,6,8,56,2
2022-01-01,4540000807,0.16287,1,1,2,2,1,1,6,8,56,2
2022-01-01,4540000807,0.1869,1,1,2,2,1,1,6,8,56,2
2022-01-01,4540005125,5.86626,1,1,2,2,1,1,6,8,57,2
2022-01-01,4540005125,5.02183,1,1,2,2,1,1,6,8,57,2
2022-01-01,4540005125,5.65143,1,1,2,2,1,1,6,8,57,2
2022-01-01,4540005125,5.50579,1,1,2,2,1,1,6,8,57,2
2022-01-01,4540005125,6.60977,1,1,2,2,1,1,6,8,57,2
2022-01-01,4540005125,3.48218,1,1,2,2,1,1,6,8,57,2
2022-01-01,4540005125,5.65054,1,1,2,2,1,1,6,8,57,2
2022-01-01,4540005125,6.47894,1,1,2,2,1,1,6,8,57,2
2022-01-01,4540005125,6.39676,1,1,2,2,1,1,6,8,57,2
2022-01-01,4540005125,6.75806,1,1,2,2,1,1,6,8,57,2
2022-01-01,4540005125,5.6713,1,1,2,2,1,1,6,8,57,2
2022-01-01,4540005125,5.48835,1,1,2,2,1,1,6,8,57,2
2022-01-01,4540005125,0.18817,1,1,2,2,1,1,6,8,57,2
2022-01-01,4540005125,0.30804,1,1,2,2,1,1,6,8,57,2
2022-01-01,4540005125,0.88206,1,1,2,2,1,1,6,8,57,2
2022-01-01,4540005125,1.03646,1,1,2,2,1,1,6,8,57,2
2022-01-01,4540005125,0.81502,1,1,2,2,1,1,6,8,57,2
2022-01-01,4540005125,0.67298,1,1,2,2,1,1,6,8,57,2
2022-01-01,4540005125,0.97446,1,1,2,2,1,1,6,8,57,2
2022-01-01,4540005125,1.15188,1,1,2,2,1,1,6,8,57,2
2022-01-01,4540005125,0.83264,1,1,2,2,1,1,6,8,57,2
2022-01-01,4540005125,0.71942,1,1,2,2,1,1,6,8,57,2
2022-01-01,4540005125,0.81574,1,1,2,2,1,1,6,8,57,2
2022-01-01,4540005125,0.77778,1,1,2,2,1,1,6,8,57,2
2022-01-01,4540005125,0.06452,1,1,2,2,1,1,6,8,57,2
2022-01-01,4540005125,1.02151,1,1,2,2,1,1,6,8,57,2
2022-01-01,4540005125,0.32778,1,1,2,2,1,1,6,8,57,2
2022-01-01,4540005125,0.75556,1,1,2,2,1,1,6,8,57,2
2022-01-01,4540005125,0.76434,1,1,2,2,1,1,6,8,57,2
2022-01-01,4540005128,0.09122,1,1,2,2,1,1,8,9,58,2
2022-01-01,4540005128,0.06825,1,1,2,2,1,1,8,9,58,2
2022-01-01,4540005128,0.0916,1,1,2,2,1,1,8,9,58,2
2022-01-01,4540005128,0.10578,1,1,2,2,1,1,8,9,58,2
2022-01-01,4540005128,0.08446,1,1,2,2,1,1,8,9,58,2
2022-01-01,4540005128,0.05151,1,1,2,2,1,1,8,9,58,2
2022-01-01,4540005128,0.08496,1,1,2,2,1,1,8,9,58,2
2022-01-01,4540005128,0.08446,1,1,2,2,1,1,8,9,58,2
2022-01-01,4540005128,0.08446,1,1,2,2,1,1,8,9,58,2
2022-01-01,4540005128,0.08446,1,1,2,2,1,1,8,9,58,2
2022-01-01,4540005128,0.08446,1,1,2,2,1,1,8,9,58,2
2022-01-01,4540005128,0.09641,1,1,2,2,1,1,8,9,58,2
2022-01-01,4540005128,0.01098,1,1,2,2,1,1,8,9,58,2
2022-01-01,4540005128,0.01603,1,1,2,2,1,1,8,9,58,2
2022-01-01,4540005128,0.01622,1,1,2,2,1,1,8,9,58,2
2022-01-01,4540005128,0.01186,1,1,2,2,1,1,8,9,58,2
2022-01-01,4540005128,0.01156,1,1,2,2,1,1,8,9,58,2
2022-01-01,4540005128,0.02384,1,1,2,2,1,1,8,9,58,2
2022-01-01,4540005128,0.02114,1,1,2,2,1,1,8,9,58,2
2022-01-01,4540005128,0.01112,1,1,2,2,1,1,8,9,58,2
2022-01-01,4540005128,0.01006,1,1,2,2,1,1,8,9,58,2
2022-01-01,4540005128,0.00803,1,1,2,2,1,1,8,9,58,2
2022-01-01,4540005128,0.00819,1,1,2,2,1,1,8,9,58,2
2022-01-01,4540002751,5.45998,1,1,2,2,1,3,8,9,59,2
2022-01-01,4540002751,5.42671,1,1,2,2,1,3,8,9,59,2
2022-01-01,4540002751,5.73672,1,1,2,2,1,3,8,9,59,2
2022-01-01,4540002751,5.78416,1,1,2,2,1,3,8,9,59,2
2022-01-01,4540002751,5.62057,1,1,2,2,1,3,8,9,59,2
2022-01-01,4540002751,3.02432,1,1,2,2,1,3,8,9,59,2
2022-01-01,4540002751,5.2313,1,1,2,2,1,3,8,9,59,2
2022-01-01,4540002751,5.74485,1,1,2,2,1,3,8,9,59,2
2022-01-01,4540002751,5.56158,1,1,2,2,1,3,8,9,59,2
2022-01-01,4540002751,5.68761,1,1,2,2,1,3,8,9,59,2
2022-01-01,4540002751,5.49886,1,1,2,2,1,3,8,9,59,2
2022-01-01,4540002751,4.06754,1,1,2,2,1,3,8,9,59,2
2022-01-01,4540002751,0.02456,1,1,2,2,1,3,8,9,59,2
2022-01-01,4540002751,0.02612,1,1,2,2,1,3,8,9,59,2
2022-01-01,4540002751,0.09332,1,1,2,2,1,3,8,9,59,2
2022-01-01,4540002751,0.20464,1,1,2,2,1,3,8,9,59,2
2022-01-01,4540002751,0.16886,1,1,2,2,1,3,8,9,59,2
2022-01-01,4540002751,0.1029,1,1,2,2,1,3,8,9,59,2
2022-01-01,4540002751,0.19957,1,1,2,2,1,3,8,9,59,2
2022-01-01,4540002751,0.145,1,1,2,2,1,3,8,9,59,2
2022-01-01,4540002751,0.21992,1,1,2,2,1,3,8,9,59,2
2022-01-01,4540002751,0.2938,1,1,2,2,1,3,8,9,59,2
2022-01-01,4540002751,0.26583,1,1,2,2,1,3,8,9,59,2
2022-01-01,4540003024,1.18845,1,1,2,2,1,3,8,9,60,2
2022-01-01,4540003024,1.23725,1,1,2,2,1,3,8,9,60,2
2022-01-01,4540003024,1.26914,1,1,2,2,1,3,8,9,60,2
2022-01-01,4540003024,1.18779,1,1,2,2,1,3,8,9,60,2
2022-01-01,4540003024,1.20677,1,1,2,2,1,3,8,9,60,2
2022-01-01,4540003024,0.58926,1,1,2,2,1,3,8,9,60,2
2022-01-01,4540003024,1.1066,1,1,2,2,1,3,8,9,60,2
2022-01-01,4540003024,1.17754,1,1,2,2,1,3,8,9,60,2
2022-01-01,4540003024,1.16201,1,1,2,2,1,3,8,9,60,2
2022-01-01,4540003024,1.09724,1,1,2,2,1,3,8,9,60,2
2022-01-01,4540003024,1.39401,1,1,2,2,1,3,8,9,60,2
2022-01-01,4540003024,1.03683,1,1,2,2,1,3,8,9,60,2
2022-01-01,4540003024,0.02495,1,1,2,2,1,3,8,9,61,2
2022-01-01,4540003024,0.02589,1,1,2,2,1,3,8,9,61,2
2022-01-01,4540003024,0.05262,1,1,2,2,1,3,8,9,61,2
2022-01-01,4540003024,0.0287,1,1,2,2,1,3,8,9,61,2
2022-01-01,4540003024,0.06081,1,1,2,2,1,3,8,9,61,2
2022-01-01,4540003024,0.0343,1,1,2,2,1,3,8,9,61,2
2022-01-01,4540003024,0.00702,1,1,2,2,1,3,8,9,61,2
2022-01-01,4540003024,0.03021,1,1,2,2,1,3,8,9,61,2
2022-01-01,4540003024,0.02339,1,1,2,2,1,3,8,9,61,2
2022-01-01,4540003024,0.07008,1,1,2,2,1,3,8,9,61,2
2022-01-01,4540003813,0.26806,1,1,2,2,1,4,6,8,54,2
2022-01-01,4540005126,3.63038,1,1,2,2,1,4,6,8,62,2
2022-01-01,4540005126,3.7872,1,1,2,2,1,4,6,8,62,2
2022-01-01,4540005126,4.15323,1,1,2,2,1,4,6,8,62,2
2022-01-01,4540005126,3.96667,1,1,2,2,1,4,6,8,62,2
2022-01-01,4540005126,3.5914,1,1,2,2,1,4,6,8,62,2
2022-01-01,4540005126,2.15278,1,1,2,2,1,4,6,8,62,2
2022-01-01,4540005126,3.53629,1,1,2,2,1,4,6,8,62,2
2022-01-01,4540005126,4.17608,1,1,2,2,1,4,6,8,62,2
2022-01-01,4540005126,4.10972,1,1,2,2,1,4,6,8,62,2
2022-01-01,4540005126,4.44355,1,1,2,2,1,4,6,8,62,2
2022-01-01,4540005126,4.51667,1,1,2,2,1,4,6,8,62,2
2022-01-01,4540005126,3.5578,1,1,2,2,1,4,6,8,62,2
2022-01-01,4540005126,0.19355,1,1,2,2,1,4,6,8,62,2
2022-01-01,4540005126,0.17857,1,1,2,2,1,4,6,8,62,2
2022-01-01,4540005126,0.30108,1,1,2,2,1,4,6,8,62,2
2022-01-01,4540005126,0.24444,1,1,2,2,1,4,6,8,62,2
2022-01-01,4540005126,0.14247,1,1,2,2,1,4,6,8,62,2
2022-01-01,4540005126,0.32392,1,1,2,2,1,4,6,8,62,2
2022-01-01,4540005126,0.20968,1,1,2,2,1,4,6,8,62,2
2022-01-01,4540005126,0.19489,1,1,2,2,1,4,6,8,62,2
2022-01-01,4540005126,0.2,1,1,2,2,1,4,6,8,62,2
2022-01-01,4540005126,0.12634,1,1,2,2,1,4,6,8,62,2
2022-01-01,4540005126,0.10556,1,1,2,2,1,4,6,8,62,2
2022-01-01,4540005175,0.31448,1,1,2,2,1,2,6,8,63,2
2022-01-01,4540005175,0.26837,1,1,2,2,1,2,6,8,63,2
2022-01-01,4530036574,0.00851,1,1,2,2,1,2,6,8,64,2
2022-01-01,4530036574,0.00538,1,1,2,2,1,2,6,8,64,2
2022-01-01,4530036574,-0.01389,1,1,2,2,1,2,6,8,64,2
2022-01-01,4530036574,0.01389,1,1,2,2,1,2,8,9,64,2
2022-01-01,4540003813,0.69041,1,1,2,2,1,2,6,8,54,2
2022-01-01,4540003813,0.69246,1,1,2,2,1,2,6,8,54,2
2022-01-01,4540000807,0.87071,1,1,2,2,1,2,6,8,56,2
2022-01-01,4540000807,0.64626,1,1,2,2,1,2,6,8,56,2
2022-01-01,4540000807,1.26715,1,1,2,2,1,2,6,8,56,2
2022-01-01,4540000807,1.19001,1,1,2,2,1,2,6,8,56,2
2022-01-01,4540000807,0.80748,1,1,2,2,1,2,6,8,56,2
2022-01-01,4540000807,0.22619,1,1,2,2,1,2,6,8,56,2
2022-01-01,4540000807,0.65668,1,1,2,2,1,2,6,8,56,2
2022-01-01,4540000807,1.51767,1,1,2,2,1,2,6,8,56,2
2022-01-01,4540000807,1.52804,1,1,2,2,1,2,6,8,56,2
2022-01-01,4540000807,1.53226,1,1,2,2,1,2,6,8,56,2
2022-01-01,4540000807,1.9,1,1,2,2,1,2,6,8,56,2
2022-01-01,4540000807,1.53226,1,1,2,2,1,2,6,8,56,2
2022-01-01,4540000807,11.98769,1,1,2,2,1,2,6,8,56,2
2022-01-01,4540000807,11.46346,1,1,2,2,1,2,6,8,56,2
2022-01-01,4540000807,13.26781,1,1,2,2,1,2,6,8,56,2
2022-01-01,4540000807,13.42566,1,1,2,2,1,2,6,8,56,2
2022-01-01,4540000807,13.84505,1,1,2,2,1,2,6,8,56,2
2022-01-01,4540000807,6.36726,1,1,2,2,1,2,6,8,56,2
2022-01-01,4540000807,13.12472,1,1,2,2,1,2,6,8,56,2
2022-01-01,4540000807,13.22363,1,1,2,2,1,2,6,8,56,2
2022-01-01,4540000807,13.72306,1,1,2,2,1,2,6,8,56,2
2022-01-01,4540000807,13.51468,1,1,2,2,1,2,6,8,56,2
2022-01-01,4540000807,13.55509,1,1,2,2,1,2,6,8,56,2
2022-01-01,4540000807,13.11783,1,1,2,2,1,2,6,8,56,2
2022-01-01,4540000807,1.39849,1,1,2,2,1,2,6,8,56,2
2022-01-01,4540000807,1.31226,1,1,2,2,1,2,6,8,56,2
2022-01-01,4540000807,1.53145,1,1,2,2,1,2,6,8,56,2
2022-01-01,4540000807,1.51087,1,1,2,2,1,2,6,8,56,2
2022-01-01,4540000807,1.48807,1,1,2,2,1,2,6,8,56,2
2022-01-01,4540000807,1.98261,1,1,2,2,1,2,6,8,56,2
2022-01-01,4540000807,1.79412,1,1,2,2,1,2,6,8,56,2
2022-01-01,4540000807,1.86708,1,1,2,2,1,2,6,8,56,2
2022-01-01,4540000807,1.88366,1,1,2,2,1,2,6,8,56,2
2022-01-01,4540000807,1.54726,1,1,2,2,1,2,6,8,56,2
2022-01-01,4540000807,1.7756,1,1,2,2,1,2,6,8,56,2
2022-01-01,4530043052,1.44803,1,1,2,2,1,2,6,8,65,2
2022-01-01,4530043052,0.55655,1,1,2,2,1,2,6,8,65,2
2022-01-01,4540005128,2.59964,1,1,2,2,1,2,8,9,58,2
2022-01-01,4540005128,1.94514,1,1,2,2,1,2,8,9,58,2
2022-01-01,4540005128,2.61047,1,1,2,2,1,2,8,9,58,2
2022-01-01,4540005128,3.0146,1,1,2,2,1,2,8,9,58,2
2022-01-01,4540005128,2.4072,1,1,2,2,1,2,8,9,58,2
2022-01-01,4540005128,1.46794,1,1,2,2,1,2,8,9,58,2
2022-01-01,4540005128,2.42131,1,1,2,2,1,2,8,9,58,2
2022-01-01,4540005128,2.4072,1,1,2,2,1,2,8,9,58,2
2022-01-01,4540005128,2.4072,1,1,2,2,1,2,8,9,58,2
2022-01-01,4540005128,2.4072,1,1,2,2,1,2,8,9,58,2
2022-01-01,4540005128,2.4072,1,1,2,2,1,2,8,9,58,2
2022-01-01,4540005128,2.74768,1,1,2,2,1,2,8,9,58,2
2022-01-01,4540005128,0.31294,1,1,2,2,1,2,8,9,58,2
2022-01-01,4540005128,0.45681,1,1,2,2,1,2,8,9,58,2
2022-01-01,4540005128,0.46227,1,1,2,2,1,2,8,9,58,2
2022-01-01,4540005128,0.33814,1,1,2,2,1,2,8,9,58,2
2022-01-01,4540005128,0.32939,1,1,2,2,1,2,8,9,58,2
2022-01-01,4540005128,0.67956,1,1,2,2,1,2,8,9,58,2
2022-01-01,4540005128,0.60252,1,1,2,2,1,2,8,9,58,2
2022-01-01,4540005128,0.31684,1,1,2,2,1,2,8,9,58,2
2022-01-01,4540005128,0.28681,1,1,2,2,1,2,8,9,58,2
2022-01-01,4540005128,0.22886,1,1,2,2,1,2,8,9,58,2
2022-01-01,4540005128,0.23347,1,1,2,2,1,2,8,9,58,2
2022-01-01,4530044008,0.82738,1,1,2,2,1,2,6,8,66,2
2022-01-01,4530044008,0.51075,1,1,2,2,1,2,6,8,66,2
2022-01-01,4530044008,0.0448,1,1,2,2,1,2,6,8,66,2
2022-01-01,4540002751,13.36753,1,1,2,2,2,3,8,9,59,2
2022-01-01,4540002751,13.28609,1,1,2,2,2,3,8,9,59,2
2022-01-01,4540002751,14.04509,1,1,2,2,2,3,8,9,59,2
2022-01-01,4540002751,14.16121,1,1,2,2,2,3,8,9,59,2
2022-01-01,4540002751,13.7607,1,1,2,2,2,3,8,9,59,2
2022-01-01,4540002751,7.40438,1,1,2,2,2,3,8,9,59,2
2022-01-01,4540002751,12.80767,1,1,2,2,2,3,8,9,59,2
2022-01-01,4540002751,14.06497,1,1,2,2,2,3,8,9,59,2
2022-01-01,4540002751,13.61628,1,1,2,2,2,3,8,9,59,2
2022-01-01,4540002751,13.92484,1,1,2,2,2,3,8,9,59,2
2022-01-01,4540002751,13.46272,1,1,2,2,2,3,8,9,59,2
2022-01-01,4540002751,9.95845,1,1,2,2,2,3,8,9,59,2
2022-01-01,4540002751,0.06012,1,1,2,2,2,3,8,9,59,2
2022-01-01,4540002751,0.06394,1,1,2,2,2,3,8,9,59,2
2022-01-01,4540002751,0.22848,1,1,2,2,2,3,8,9,59,2
2022-01-01,4540002751,0.50101,1,1,2,2,2,3,8,9,59,2
2022-01-01,4540002751,0.41343,1,1,2,2,2,3,8,9,59,2
2022-01-01,4540002751,0.25194,1,1,2,2,2,3,8,9,59,2
2022-01-01,4540002751,0.4886,1,1,2,2,2,3,8,9,59,2
2022-01-01,4540002751,0.355,1,1,2,2,2,3,8,9,59,2
2022-01-01,4540002751,0.53842,1,1,2,2,2,3,8,9,59,2
2022-01-01,4540002751,0.7193,1,1,2,2,2,3,8,9,59,2
2022-01-01,4540002751,0.65083,1,1,2,2,2,3,8,9,59,2
2022-01-01,4540003024,2.90966,1,1,2,2,2,3,8,9,60,2
2022-01-01,4540003024,3.02912,1,1,2,2,2,3,8,9,60,2
2022-01-01,4540003024,3.1072,1,1,2,2,2,3,8,9,60,2
2022-01-01,4540003024,2.90804,1,1,2,2,2,3,8,9,60,2
2022-01-01,4540003024,2.95452,1,1,2,2,2,3,8,9,60,2
2022-01-01,4540003024,1.44268,1,1,2,2,2,3,8,9,60,2
2022-01-01,4540003024,2.70926,1,1,2,2,2,3,8,9,60,2
2022-01-01,4540003024,2.88294,1,1,2,2,2,3,8,9,60,2
2022-01-01,4540003024,2.84493,1,1,2,2,2,3,8,9,60,2
2022-01-01,4540003024,2.68636,1,1,2,2,2,3,8,9,60,2
2022-01-01,4540003024,3.41293,1,1,2,2,2,3,8,9,60,2
2022-01-01,4540003024,2.53844,1,1,2,2,2,3,8,9,60,2
2022-01-01,4540003024,0.06108,1,1,2,2,2,3,8,9,61,2
2022-01-01,4540003024,0.06339,1,1,2,2,2,3,8,9,61,2
2022-01-01,4540003024,0.12883,1,1,2,2,2,3,8,9,61,2
2022-01-01,4540003024,0.07026,1,1,2,2,2,3,8,9,61,2
2022-01-01,4540003024,0.14887,1,1,2,2,2,3,8,9,61,2
2022-01-01,4540003024,0.08398,1,1,2,2,2,3,8,9,61,2
2022-01-01,4540003024,0.01718,1,1,2,2,2,3,8,9,61,2
2022-01-01,4540003024,0.07396,1,1,2,2,2,3,8,9,61,2
2022-01-01,4540003024,0.05726,1,1,2,2,2,3,8,9,61,2
2022-01-01,4540003024,0.17158,1,1,2,2,2,3,8,9,61,2
2022-01-01,4540003793,0.21429,1,1,2,2,2,4,8,9,67,2
2022-01-01,4540003793,0.21131,1,1,2,2,2,4,8,9,67,2
2022-01-01,4540003793,0.20238,1,1,2,2,2,4,8,9,67,2
2022-01-01,4540003793,0.1875,1,1,2,2,2,4,8,9,67,2
2022-01-01,4540003793,0.18011,1,1,2,2,2,4,8,9,67,2
2022-01-01,4540003793,0.17857,1,1,2,2,2,4,8,9,67,2
2022-01-01,4540003793,0.17857,1,1,2,2,2,4,8,9,67,2
2022-01-01,4540003793,0.17204,1,1,2,2,2,4,8,9,67,2
2022-01-01,4540003793,0.16667,1,1,2,2,2,4,8,9,67,2
2022-01-01,4540003793,0.0914,1,1,2,2,2,4,8,9,67,2
2022-01-01,4540003793,0.08333,1,1,2,2,2,4,8,9,67,2
2022-01-01,4540004143,2.86156,1,1,2,2,2,4,8,9,68,2
2022-01-01,4540004143,2.67113,1,1,2,2,2,4,8,9,68,2
2022-01-01,4540004143,2.81855,1,1,2,2,2,4,8,9,68,2
2022-01-01,4540004143,2.89583,1,1,2,2,2,4,8,9,68,2
2022-01-01,4540004143,2.44758,1,1,2,2,2,4,8,9,68,2
2022-01-01,4540004143,1.35139,1,1,2,2,2,4,8,9,68,2
2022-01-01,4540004143,2.7621,1,1,2,2,2,4,8,9,68,2
2022-01-01,4540004143,2.79301,1,1,2,2,2,4,8,9,68,2
2022-01-01,4540004143,2.97917,1,1,2,2,2,4,8,9,68,2
2022-01-01,4540004143,3.40323,1,1,2,2,2,4,8,9,68,2
2022-01-01,4540004143,2.95556,1,1,2,2,2,4,8,9,68,2
2022-01-01,4540004143,2.3078,1,1,2,2,2,4,8,9,68,2
2022-01-01,4540004143,0.10714,1,1,2,2,2,4,8,9,68,2
2022-01-01,4540004143,0.08871,1,1,2,2,2,4,8,9,68,2
2022-01-01,4540004143,0.08333,1,1,2,2,2,4,8,9,68,2
2022-01-01,4540004143,0.08871,1,1,2,2,2,4,8,9,68,2
2022-01-01,4540004143,0.14919,1,1,2,2,2,4,8,9,68,2
2022-01-01,4540004143,0.08871,1,1,2,2,2,4,8,9,68,2
2022-01-01,4540004143,0.08333,1,1,2,2,2,4,8,9,68,2
2022-01-01,4540001869,4.54731,1,1,2,2,2,5,8,9,69,2
2022-01-01,4540001869,4.64013,1,1,2,2,2,5,8,9,69,2
2022-01-01,4540001869,4.63065,1,1,2,2,2,5,8,9,69,2
2022-01-01,4540001869,4.9,1,1,2,2,2,5,8,9,69,2
2022-01-01,4540001869,4.84005,1,1,2,2,2,5,8,9,69,2
2022-01-01,4540001869,2.525,1,1,2,2,2,5,8,9,69,2
2022-01-01,4540001869,4.48925,1,1,2,2,2,5,8,9,69,2
2022-01-01,4540001869,4.83389,1,1,2,2,2,5,8,9,69,2
2022-01-01,4540001869,4.56215,1,1,2,2,2,5,8,9,69,2
2022-01-01,4540001869,4.35349,1,1,2,2,2,5,8,9,69,2
2022-01-01,4540001869,4.61759,1,1,2,2,2,5,8,9,69,2
2022-01-01,4540001869,0.19355,1,1,2,2,2,5,8,9,69,2
2022-01-01,4540001869,0.58065,1,1,2,2,2,5,8,9,69,2
2022-01-01,4540001869,0.06452,1,1,2,2,2,5,8,9,69,2
2022-01-01,4540001869,0.07292,1,1,2,2,2,5,8,9,69,2
2022-01-01,4540001869,0.07056,1,1,2,2,2,5,8,9,69,2
2022-01-01,4540001869,0.03889,1,1,2,2,2,5,8,9,69,2
2022-01-01,4540001869,0.19167,1,1,2,2,2,5,8,9,69,2
2023-01-01,NULL,0.93333,1,1,1,2,1,4,1,1,15,1
2023-01-01,NULL,1.0,1,1,1,2,1,6,1,1,19,1
2023-01-01,NULL,0.93333,1,1,1,2,1,6,1,1,52,1
2023-01-01,NULL,0.93333,1,1,1,2,1,2,1,1,1,1
2023-01-01,NULL,0.93333,1,1,1,2,2,1,2,2,2,1
2023-01-01,NULL,0.93333,1,1,1,2,2,1,2,2,2,1
2023-01-01,NULL,0.93333,1,1,1,2,2,3,2,2,3,1
2023-01-01,NULL,0.93333,1,1,1,2,2,3,2,2,3,1
2023-01-01,NULL,0.93333,1,1,1,2,2,4,2,2,32,1
2023-01-01,NULL,0.93333,1,1,1,2,2,4,2,2,4,1
2023-01-01,NULL,0.93333,1,1,1,2,2,6,3,3,5,1
2023-01-01,NULL,0.93333,1,1,1,2,2,6,3,3,6,1
2023-01-01,NULL,0.93333,1,1,1,2,2,2,2,2,7,1
2023-01-01,NULL,0.93333,1,1,1,2,2,2,2,2,7,1
2023-01-01,NULL,0.93333,1,1,1,2,2,2,2,2,7,1
2023-01-01,NULL,0.93333,1,1,1,2,2,2,2,2,8,1
2023-01-01,NULL,0.93333,1,1,1,2,2,2,2,2,2,1
2023-01-01,NULL,0.93333,1,1,1,2,2,2,2,2,2,1
2023-01-01,NULL,0.93333,1,1,1,2,2,2,2,2,2,1
2023-01-01,NULL,0.93333,1,1,1,2,2,2,2,2,2,1
2023-01-01,NULL,0.93333,1,1,1,2,2,2,2,2,2,1
2023-01-01,NULL,0.93333,1,1,1,2,2,2,2,2,2,1
2023-01-01,NULL,0.93333,1,1,1,2,2,2,2,2,2,1
2023-01-01,NULL,0.93333,1,1,1,2,2,2,2,2,2,1
2023-01-01,NULL,0.93333,1,1,1,2,2,2,2,2,2,1
2023-01-01,NULL,0.93333,1,1,1,2,2,2,2,2,2,1
2023-01-01,NULL,0.93333,1,1,1,2,2,2,2,2,2,1
2023-01-01,NULL,0.93333,1,1,1,2,2,2,2,2,2,1
2023-01-01,NULL,0.93333,1,1,1,2,2,2,2,2,2,1
2023-01-01,NULL,0.93333,1,1,1,2,2,2,2,2,2,1
2023-01-01,NULL,0.93333,1,1,1,2,2,2,2,2,2,1
2023-01-01,NULL,0.93333,1,1,1,2,2,2,2,2,2,1
2023-01-01,NULL,0.93333,1,1,1,2,2,2,2,2,2,1
2023-01-01,NULL,0.93333,1,1,1,2,2,2,2,2,2,1
2023-01-01,NULL,0.93333,1,1,1,2,2,2,2,2,2,1
2023-01-01,NULL,0.93333,1,1,1,2,2,2,2,2,2,1
2023-01-01,NULL,0.93333,1,1,1,2,2,2,2,2,2,1
2023-01-01,NULL,0.93333,1,1,1,2,2,2,2,2,2,1
2023-01-01,NULL,0.93333,1,1,1,2,2,2,2,2,2,1
2023-01-01,NULL,0.93333,1,1,1,2,2,2,2,2,2,1
2023-01-01,NULL,0.93333,1,1,1,2,2,2,2,2,2,1
2023-01-01,NULL,0.93333,1,1,1,2,2,2,2,2,2,1
2023-01-01,NULL,0.93333,1,1,1,2,2,2,2,2,2,1
2023-01-01,NULL,0.93333,1,1,1,2,2,2,2,2,2,1
2023-01-01,NULL,0.93333,1,1,1,2,2,2,2,2,2,1
2023-01-01,NULL,0.93333,1,1,1,2,2,7,2,2,11,1
2023-01-01,NULL,0.93333,1,1,1,2,2,7,2,5,12,1
2023-01-01,NULL,0.93333,1,1,1,2,1,1,1,1,13,1
2023-01-01,NULL,0.93333,1,1,1,2,1,1,1,1,14,1
2023-01-01,NULL,0.93333,1,1,1,2,1,1,1,1,15,1
2023-01-01,NULL,0.93333,1,1,1,2,1,1,1,1,15,1
2023-01-01,NULL,0.93333,1,1,1,2,1,3,1,1,70,1
2023-01-01,NULL,0.93333,1,1,1,2,1,3,1,1,16,1
2023-01-01,NULL,0.93333,1,1,1,2,1,3,1,1,17,1
2023-01-01,NULL,0.93333,1,1,1,2,1,4,1,1,15,1
2023-01-01,NULL,0.93333,1,1,1,2,1,6,1,1,18,1
2023-01-01,NULL,0.93333,1,1,1,2,1,6,1,1,20,1
2023-01-01,NULL,1.0,1,1,1,2,1,6,1,1,21,1
2023-01-01,NULL,0.93333,1,1,1,2,1,6,1,1,22,1
2023-01-01,NULL,0.93333,1,1,1,2,1,6,1,1,23,1
2023-01-01,NULL,0.93333,1,1,1,2,1,2,1,1,24,1
2023-01-01,NULL,0.93333,1,1,1,2,1,2,1,1,1,1
2023-01-01,NULL,0.93333,1,1,1,2,1,7,1,1,25,1
2023-01-01,NULL,0.93333,1,1,1,2,2,1,2,2,26,1
2023-01-01,NULL,0.93333,1,1,1,2,2,1,2,2,27,1
2023-01-01,NULL,0.93333,1,1,1,2,2,1,2,2,27,1
2023-01-01,NULL,0.93333,1,1,1,2,2,1,2,2,27,1
2023-01-01,NULL,0.93333,1,1,1,2,2,1,2,2,28,1
2023-01-01,NULL,0.93333,1,1,1,2,2,1,2,2,9,1
2023-01-01,NULL,0.93333,1,1,1,2,2,1,2,2,9,1
2023-01-01,NULL,0.93333,1,1,1,2,2,1,2,2,9,1
2023-01-01,NULL,0.93333,1,1,1,2,2,1,2,2,9,1
2023-01-01,NULL,0.93333,1,1,1,2,2,1,2,2,9,1
2023-01-01,NULL,0.93333,1,1,1,2,2,1,2,4,9,1
2023-01-01,NULL,0.93333,1,1,1,2,2,1,2,2,10,1
2023-01-01,NULL,0.93333,1,1,1,2,2,1,2,2,10,1
2023-01-01,NULL,0.93333,1,1,1,2,2,1,2,2,10,1
2023-01-01,NULL,0.93333,1,1,1,2,2,1,2,2,10,1
2023-01-01,NULL,0.93333,1,1,1,2,2,1,2,2,10,1
2023-01-01,NULL,0.93333,1,1,1,2,2,1,2,2,10,1
2023-01-01,NULL,0.93333,1,1,1,2,2,1,2,2,10,1
2023-01-01,NULL,0.93333,1,1,1,2,2,1,2,2,10,1
2023-01-01,NULL,0.93333,1,1,1,2,2,1,2,2,10,1
2023-01-01,NULL,0.93333,1,1,1,2,2,1,2,2,10,1
2023-01-01,NULL,0.93333,1,1,1,2,2,1,2,2,7,1
2023-01-01,NULL,0.93333,1,1,1,2,2,1,2,2,7,1
2023-01-01,NULL,0.93333,1,1,1,2,2,1,2,2,7,1
2023-01-01,NULL,0.93333,1,1,1,2,2,1,2,2,7,1
2023-01-01,NULL,0.93333,1,1,1,2,2,1,2,2,7,1
2023-01-01,NULL,0.93333,1,1,1,2,2,1,2,2,8,1
2023-01-01,NULL,0.93333,1,1,1,2,2,1,2,2,8,1
2023-01-01,NULL,0.93333,1,1,1,2,2,1,2,2,8,1
2023-01-01,NULL,0.93333,1,1,1,2,2,1,2,2,8,1
2023-01-01,NULL,0.93333,1,1,1,2,2,1,2,2,8,1
2023-01-01,NULL,0.93333,1,1,1,2,2,1,2,2,8,1
2023-01-01,NULL,0.93333,1,1,1,2,2,1,2,2,8,1
2023-01-01,NULL,0.93333,1,1,1,2,2,1,2,2,8,1
2023-01-01,NULL,0.93333,1,1,1,2,2,1,2,2,53,1
2023-01-01,NULL,0.93333,1,1,1,2,2,1,2,2,2,1
2023-01-01,NULL,0.93333,1,1,1,2,2,1,2,2,2,1
2023-01-01,NULL,0.93333,1,1,1,2,2,1,2,2,2,1
2023-01-01,NULL,0.93333,1,1,1,2,2,1,2,2,2,1
2023-01-01,NULL,0.93333,1,1,1,2,2,1,2,2,2,1
2023-01-01,NULL,0.93333,1,1,1,2,2,1,2,2,2,1
2023-01-01,NULL,0.93333,1,1,1,2,2,1,2,2,2,1
2023-01-01,NULL,0.93333,1,1,1,2,2,1,2,2,2,1
2023-01-01,NULL,0.93333,1,1,1,2,2,1,2,2,2,1
2023-01-01,NULL,0.93333,1,1,1,2,2,1,2,2,2,1
2023-01-01,NULL,0.93333,1,1,1,2,2,1,2,2,2,1
2023-01-01,NULL,0.93333,1,1,1,2,2,1,2,2,29,1
2023-01-01,NULL,0.93333,1,1,1,2,2,3,2,2,30,1
2023-01-01,NULL,0.93333,1,1,1,2,2,3,2,2,30,1
2023-01-01,NULL,0.93333,1,1,1,2,2,3,2,2,30,1
2023-01-01,NULL,0.23333,1,1,1,2,2,3,2,4,9,1
2023-01-01,NULL,0.93333,1,1,1,2,2,3,2,2,31,1
2023-01-01,NULL,0.93333,1,1,1,2,2,3,2,2,3,1
2023-01-01,NULL,0.93333,1,1,1,2,2,3,2,2,3,1
2023-01-01,NULL,0.93333,1,1,1,2,2,4,2,2,4,1
2023-01-01,NULL,0.93333,1,1,1,2,2,4,2,2,4,1
2023-01-01,NULL,0.93333,1,1,1,2,2,4,2,2,4,1
2023-01-01,NULL,0.93333,1,1,1,2,2,4,2,2,27,1
2023-01-01,NULL,0.93333,1,1,1,2,2,4,2,2,27,1
2023-01-01,NULL,0.93333,1,1,1,2,2,4,2,2,27,1
2023-01-01,NULL,0.93333,1,1,1,2,2,4,2,2,27,1
2023-01-01,NULL,0.93333,1,1,1,2,2,4,2,2,27,1
2023-01-01,NULL,0.93333,1,1,1,2,2,4,2,4,27,1
2023-01-01,NULL,0.93333,1,1,1,2,2,4,2,2,27,1
2023-01-01,NULL,0.93333,1,1,1,2,2,4,2,2,27,1
2023-01-01,NULL,0.93333,1,1,1,2,2,4,2,2,27,1
2023-01-01,NULL,0.93333,1,1,1,2,2,4,2,2,27,1
2023-01-01,NULL,0.93333,1,1,1,2,2,4,2,2,27,1
2023-01-01,NULL,0.93333,1,1,1,2,2,4,2,2,27,1
2023-01-01,NULL,0.93333,1,1,1,2,2,4,2,2,27,1
2023-01-01,NULL,0.93333,1,1,1,2,2,4,2,2,27,1
2023-01-01,NULL,0.93333,1,1,1,2,2,4,2,2,27,1
2023-01-01,NULL,0.93333,1,1,1,2,2,4,2,2,27,1
2023-01-01,NULL,0.93333,1,1,1,2,2,4,2,2,28,1
2023-01-01,NULL,0.93333,1,1,1,2,2,4,2,2,28,1
2023-01-01,NULL,0.93333,1,1,1,2,2,4,2,2,28,1
2023-01-01,NULL,0.93333,1,1,1,2,2,4,2,2,28,1
2023-01-01,NULL,0.93333,1,1,1,2,2,4,2,2,9,1
2023-01-01,NULL,0.93333,1,1,1,2,2,4,2,2,9,1
2023-01-01,NULL,0.93333,1,1,1,2,2,4,2,2,9,1
2023-01-01,NULL,0.93333,1,1,1,2,2,4,2,2,9,1
2023-01-01,NULL,0.93333,1,1,1,2,2,4,2,2,9,1
2023-01-01,NULL,0.93333,1,1,1,2,2,4,2,2,9,1
2023-01-01,NULL,0.93333,1,1,1,2,2,4,2,2,9,1
2023-01-01,NULL,0.93333,1,1,1,2,2,4,2,2,9,1
2023-01-01,NULL,0.93333,1,1,1,2,2,4,2,2,9,1
2023-01-01,NULL,0.93333,1,1,1,2,2,4,2,2,10,1
2023-01-01,NULL,0.93333,1,1,1,2,2,4,2,2,10,1
2023-01-01,NULL,0.93333,1,1,1,2,2,4,2,2,2,1
2023-01-01,NULL,0.93333,1,1,1,2,2,6,3,3,35,1
2023-01-01,NULL,0.93333,1,1,1,2,2,6,3,3,5,1
2023-01-01,NULL,1.0,1,1,1,2,2,6,3,3,36,1
2023-01-01,NULL,1.0,1,1,1,2,2,6,3,3,37,1
2023-01-01,NULL,0.93333,1,1,1,2,2,6,2,2,42,1
2023-01-01,NULL,0.93333,1,1,1,2,2,2,2,2,26,1
2023-01-01,NULL,0.93333,1,1,1,2,2,2,2,2,26,1
2023-01-01,NULL,0.93333,1,1,1,2,2,2,2,2,26,1
2023-01-01,NULL,0.93333,1,1,1,2,2,2,2,2,26,1
2023-01-01,NULL,0.93333,1,1,1,2,2,2,2,2,26,1
2023-01-01,NULL,0.93333,1,1,1,2,2,2,2,2,26,1
2023-01-01,NULL,0.93333,1,1,1,2,2,2,2,2,27,1
2023-01-01,NULL,0.93333,1,1,1,2,2,2,2,2,27,1
2023-01-01,NULL,0.93333,1,1,1,2,2,2,2,2,27,1
2023-01-01,NULL,0.93333,1,1,1,2,2,2,2,2,27,1
2023-01-01,NULL,0.93333,1,1,1,2,2,2,2,2,27,1
2023-01-01,NULL,0.93333,1,1,1,2,2,2,2,2,27,1
2023-01-01,NULL,0.93333,1,1,1,2,2,2,2,2,27,1
2023-01-01,NULL,0.93333,1,1,1,2,2,2,2,2,27,1
2023-01-01,NULL,0.93333,1,1,1,2,2,2,2,2,27,1
2023-01-01,NULL,0.93333,1,1,1,2,2,2,2,2,27,1
2023-01-01,NULL,0.93333,1,1,1,2,2,2,2,2,27,1
2023-01-01,NULL,0.93333,1,1,1,2,2,2,2,2,27,1
2023-01-01,NULL,0.93333,1,1,1,2,2,2,2,2,27,1
2023-01-01,NULL,0.93333,1,1,1,2,2,2,2,2,27,1
2023-01-01,NULL,0.93333,1,1,1,2,2,2,2,2,28,1
2023-01-01,NULL,0.93333,1,1,1,2,2,2,2,2,28,1
2023-01-01,NULL,0.93333,1,1,1,2,2,2,2,2,28,1
2023-01-01,NULL,0.93333,1,1,1,2,2,2,2,2,9,1
2023-01-01,NULL,0.93333,1,1,1,2,2,2,2,2,9,1
2023-01-01,NULL,0.93333,1,1,1,2,2,2,2,2,9,1
2023-01-01,NULL,0.93333,1,1,1,2,2,2,2,2,9,1
2023-01-01,NULL,0.93333,1,1,1,2,2,2,2,2,9,1
2023-01-01,NULL,0.93333,1,1,1,2,2,2,2,2,9,1
2023-01-01,NULL,0.93333,1,1,1,2,2,2,2,2,9,1
2023-01-01,NULL,0.93333,1,1,1,2,2,2,2,2,9,1
2023-01-01,NULL,0.93333,1,1,1,2,2,2,2,2,9,1
2023-01-01,NULL,0.93333,1,1,1,2,2,2,2,2,9,1
2023-01-01,NULL,0.93333,1,1,1,2,2,2,2,2,9,1
2023-01-01,NULL,0.93333,1,1,1,2,2,2,2,2,9,1
2023-01-01,NULL,0.93333,1,1,1,2,2,2,2,2,9,1
2023-01-01,NULL,0.93333,1,1,1,2,2,2,2,2,9,1
2023-01-01,NULL,0.93333,1,1,1,2,2,2,2,2,9,1
2023-01-01,NULL,0.93333,1,1,1,2,2,2,2,2,9,1
2023-01-01,NULL,0.93333,1,1,1,2,2,2,2,2,9,1
2023-01-01,NULL,0.93333,1,1,1,2,2,2,2,2,9,1
2023-01-01,NULL,0.93333,1,1,1,2,2,2,2,2,9,1
2023-01-01,NULL,0.93333,1,1,1,2,2,2,2,2,9,1
2023-01-01,NULL,0.93333,1,1,1,2,2,2,2,2,9,1
2023-01-01,NULL,0.93333,1,1,1,2,2,2,2,2,9,1
2023-01-01,NULL,0.93333,1,1,1,2,2,2,2,2,9,1
2023-01-01,NULL,0.93333,1,1,1,2,2,2,2,2,9,1
2023-01-01,NULL,0.93333,1,1,1,2,2,2,2,2,10,1
2023-01-01,NULL,0.93333,1,1,1,2,2,2,2,2,10,1
2023-01-01,NULL,0.93333,1,1,1,2,2,2,2,2,10,1
2023-01-01,NULL,0.93333,1,1,1,2,2,2,2,2,10,1
2023-01-01,NULL,0.93333,1,1,1,2,2,2,2,2,10,1
2023-01-01,NULL,0.93333,1,1,1,2,2,2,2,2,10,1
2023-01-01,NULL,0.93333,1,1,1,2,2,2,2,2,10,1
2023-01-01,NULL,0.93333,1,1,1,2,2,2,2,2,10,1
2023-01-01,NULL,0.93333,1,1,1,2,2,2,2,2,10,1
2023-01-01,NULL,0.93333,1,1,1,2,2,2,2,4,10,1
2023-01-01,NULL,0.93333,1,1,1,2,2,2,2,2,10,1
2023-01-01,NULL,0.93333,1,1,1,2,2,2,2,2,10,1
2023-01-01,NULL,0.93333,1,1,1,2,2,2,2,2,10,1
2023-01-01,NULL,0.93333,1,1,1,2,2,2,2,2,10,1
2023-01-01,NULL,0.93333,1,1,1,2,2,2,2,2,10,1
2023-01-01,NULL,0.93333,1,1,1,2,2,2,2,2,10,1
2023-01-01,NULL,0.93333,1,1,1,2,2,2,2,2,10,1
2023-01-01,NULL,0.93333,1,1,1,2,2,2,2,2,10,1
2023-01-01,NULL,0.93333,1,1,1,2,2,2,2,2,10,1
2023-01-01,NULL,0.93333,1,1,1,2,2,2,2,2,10,1
2023-01-01,NULL,0.93333,1,1,1,2,2,2,2,2,10,1
2023-01-01,NULL,0.93333,1,1,1,2,2,2,2,2,10,1
2023-01-01,NULL,0.93333,1,1,1,2,2,2,2,2,10,1
2023-01-01,NULL,0.93333,1,1,1,2,2,2,2,2,10,1
2023-01-01,NULL,0.93333,1,1,1,2,2,2,2,2,10,1
2023-01-01,NULL,0.93333,1,1,1,2,2,2,2,2,10,1
2023-01-01,NULL,0.93333,1,1,1,2,2,2,2,2,10,1
2023-01-01,NULL,0.93333,1,1,1,2,2,2,2,2,10,1
2023-01-01,NULL,0.93333,1,1,1,2,2,2,2,2,10,1
2023-01-01,NULL,0.93333,1,1,1,2,2,2,2,2,10,1
2023-01-01,NULL,0.93333,1,1,1,2,2,2,2,2,10,1
2023-01-01,NULL,0.93333,1,1,1,2,2,2,2,2,10,1
2023-01-01,NULL,0.93333,1,1,1,2,2,2,2,2,10,1
2023-01-01,NULL,0.93333,1,1,1,2,2,2,2,2,10,1
2023-01-01,NULL,0.93333,1,1,1,2,2,2,2,2,10,1
2023-01-01,NULL,0.93333,1,1,1,2,2,2,2,2,10,1
2023-01-01,NULL,0.93333,1,1,1,2,2,2,2,2,10,1
2023-01-01,NULL,0.93333,1,1,1,2,2,2,2,2,10,1
2023-01-01,NULL,0.93333,1,1,1,2,2,2,2,2,10,1
2023-01-01,NULL,0.93333,1,1,1,2,2,2,2,2,10,1
2023-01-01,NULL,0.93333,1,1,1,2,2,2,2,2,10,1
2023-01-01,NULL,0.93333,1,1,1,2,2,2,2,2,10,1
2023-01-01,NULL,0.93333,1,1,1,2,2,2,2,2,10,1
2023-01-01,NULL,0.93333,1,1,1,2,2,2,2,2,10,1
2023-01-01,NULL,0.93333,1,1,1,2,2,2,2,2,10,1
2023-01-01,NULL,0.93333,1,1,1,2,2,2,2,2,10,1
2023-01-01,NULL,0.93333,1,1,1,2,2,2,2,2,10,1
2023-01-01,NULL,0.93333,1,1,1,2,2,2,2,2,10,1
2023-01-01,NULL,0.93333,1,1,1,2,2,2,2,2,10,1
2023-01-01,NULL,0.93333,1,1,1,2,2,2,2,2,10,1
2023-01-01,NULL,0.93333,1,1,1,2,2,2,2,2,10,1
2023-01-01,NULL,0.93333,1,1,1,2,2,2,2,2,7,1
2023-01-01,NULL,0.93333,1,1,1,2,2,2,2,2,7,1
2023-01-01,NULL,0.93333,1,1,1,2,2,2,2,2,7,1
2023-01-01,NULL,0.93333,1,1,1,2,2,2,2,2,7,1
2023-01-01,NULL,0.93333,1,1,1,2,2,2,2,2,7,1
2023-01-01,NULL,0.93333,1,1,1,2,2,2,2,2,7,1
2023-01-01,NULL,0.93333,1,1,1,2,2,2,2,2,7,1
2023-01-01,NULL,0.93333,1,1,1,2,2,2,2,2,7,1
2023-01-01,NULL,0.93333,1,1,1,2,2,2,2,2,7,1
2023-01-01,NULL,0.93333,1,1,1,2,2,2,2,2,7,1
2023-01-01,NULL,0.93333,1,1,1,2,2,2,2,2,7,1
2023-01-01,NULL,0.93333,1,1,1,2,2,2,2,2,7,1
2023-01-01,NULL,0.93333,1,1,1,2,2,2,2,2,7,1
2023-01-01,NULL,0.93333,1,1,1,2,2,2,2,2,7,1
2023-01-01,NULL,0.93333,1,1,1,2,2,2,2,2,7,1
2023-01-01,NULL,0.93333,1,1,1,2,2,2,2,2,7,1
2023-01-01,NULL,0.93333,1,1,1,2,2,2,2,2,7,1
2023-01-01,NULL,0.93333,1,1,1,2,2,2,2,2,7,1
2023-01-01,NULL,0.93333,1,1,1,2,2,2,2,2,7,1
2023-01-01,NULL,0.93333,1,1,1,2,2,2,2,2,7,1
2023-01-01,NULL,0.93333,1,1,1,2,2,2,2,2,7,1
2023-01-01,NULL,0.93333,1,1,1,2,2,2,2,2,7,1
2023-01-01,NULL,0.93333,1,1,1,2,2,2,2,2,8,1
2023-01-01,NULL,0.93333,1,1,1,2,2,2,2,2,8,1
2023-01-01,NULL,0.93333,1,1,1,2,2,2,2,2,8,1
2023-01-01,NULL,0.93333,1,1,1,2,2,2,2,2,8,1
2023-01-01,NULL,0.93333,1,1,1,2,2,2,2,2,8,1
2023-01-01,NULL,0.93333,1,1,1,2,2,2,2,2,8,1
2023-01-01,NULL,0.93333,1,1,1,2,2,2,2,2,8,1
2023-01-01,NULL,0.93333,1,1,1,2,2,2,2,2,8,1
2023-01-01,NULL,0.93333,1,1,1,2,2,2,2,2,8,1
2023-01-01,NULL,0.93333,1,1,1,2,2,2,2,2,8,1
2023-01-01,NULL,0.93333,1,1,1,2,2,2,2,2,8,1
2023-01-01,NULL,0.93333,1,1,1,2,2,2,2,2,8,1
2023-01-01,NULL,0.93333,1,1,1,2,2,2,2,2,8,1
2023-01-01,NULL,0.93333,1,1,1,2,2,2,2,2,8,1
2023-01-01,NULL,0.93333,1,1,1,2,2,2,2,2,8,1
2023-01-01,NULL,0.93333,1,1,1,2,2,2,2,2,8,1
2023-01-01,NULL,0.93333,1,1,1,2,2,2,2,2,8,1
2023-01-01,NULL,0.93333,1,1,1,2,2,2,2,2,8,1
2023-01-01,NULL,0.93333,1,1,1,2,2,2,2,2,8,1
2023-01-01,NULL,0.93333,1,1,1,2,2,2,2,2,8,1
2023-01-01,NULL,0.93333,1,1,1,2,2,2,2,2,8,1
2023-01-01,NULL,0.93333,1,1,1,2,2,2,2,2,8,1
2023-01-01,NULL,0.93333,1,1,1,2,2,2,2,2,8,1
2023-01-01,NULL,0.93333,1,1,1,2,2,2,2,2,8,1
2023-01-01,NULL,0.93333,1,1,1,2,2,2,2,2,8,1
2023-01-01,NULL,0.93333,1,1,1,2,2,2,2,2,8,1
2023-01-01,NULL,0.93333,1,1,1,2,2,2,2,2,8,1
2023-01-01,NULL,0.93333,1,1,1,2,2,2,2,2,8,1
2023-01-01,NULL,0.93333,1,1,1,2,2,2,2,2,8,1
2023-01-01,NULL,0.93333,1,1,1,2,2,2,2,2,8,1
2023-01-01,NULL,0.93333,1,1,1,2,2,2,2,2,8,1
2023-01-01,NULL,0.93333,1,1,1,2,2,2,2,2,8,1
2023-01-01,NULL,0.93333,1,1,1,2,2,2,2,2,8,1
2023-01-01,NULL,0.93333,1,1,1,2,2,2,2,2,8,1
2023-01-01,NULL,0.93333,1,1,1,2,2,2,2,2,8,1
2023-01-01,NULL,0.93333,1,1,1,2,2,2,2,2,8,1
2023-01-01,NULL,0.93333,1,1,1,2,2,2,2,2,8,1
2023-01-01,NULL,0.93333,1,1,1,2,2,2,2,2,8,1
2023-01-01,NULL,0.93333,1,1,1,2,2,2,2,2,53,1
2023-01-01,NULL,0.93333,1,1,1,2,2,2,2,2,53,1
2023-01-01,NULL,0.93333,1,1,1,2,2,2,2,2,53,1
2023-01-01,NULL,0.93333,1,1,1,2,2,2,2,2,2,1
2023-01-01,NULL,0.93333,1,1,1,2,2,2,2,2,2,1
2023-01-01,NULL,0.93333,1,1,1,2,2,2,2,2,2,1
2023-01-01,NULL,0.93333,1,1,1,2,2,2,2,2,2,1
2023-01-01,NULL,0.93333,1,1,1,2,2,2,2,2,2,1
2023-01-01,NULL,0.93333,1,1,1,2,2,2,2,2,2,1
2023-01-01,NULL,0.93333,1,1,1,2,2,2,2,2,2,1
2023-01-01,NULL,0.93333,1,1,1,2,2,2,2,2,2,1
2023-01-01,NULL,0.93333,1,1,1,2,2,2,2,2,2,1
2023-01-01,NULL,0.93333,1,1,1,2,2,2,2,2,2,1
2023-01-01,NULL,0.93333,1,1,1,2,2,2,2,2,2,1
2023-01-01,NULL,0.93333,1,1,1,2,2,2,2,2,2,1
2023-01-01,NULL,0.93333,1,1,1,2,2,2,2,2,2,1
2023-01-01,NULL,0.93333,1,1,1,2,2,2,2,2,2,1
2023-01-01,NULL,0.93333,1,1,1,2,2,2,2,2,2,1
2023-01-01,NULL,0.93333,1,1,1,2,2,2,2,2,2,1
2023-01-01,NULL,0.93333,1,1,1,2,2,2,2,2,2,1
2023-01-01,NULL,0.93333,1,1,1,2,2,2,2,2,2,1
2023-01-01,NULL,0.93333,1,1,1,2,2,2,2,2,2,1
2023-01-01,NULL,0.93333,1,1,1,2,2,2,2,2,2,1
2023-01-01,NULL,0.93333,1,1,1,2,2,2,2,2,2,1
2023-01-01,NULL,0.93333,1,1,1,2,2,2,2,2,2,1
2023-01-01,NULL,0.93333,1,1,1,2,2,2,2,2,2,1
2023-01-01,NULL,0.93333,1,1,1,2,2,2,2,2,2,1
2023-01-01,NULL,0.93333,1,1,1,2,2,2,2,2,2,1
2023-01-01,NULL,0.93333,1,1,1,2,2,2,2,2,2,1
2023-01-01,NULL,0.93333,1,1,1,2,2,2,2,2,2,1
2023-01-01,NULL,0.93333,1,1,1,2,2,2,2,2,2,1
2023-01-01,NULL,0.93333,1,1,1,2,2,2,2,2,2,1
2023-01-01,NULL,0.93333,1,1,1,2,2,2,2,2,2,1
2023-01-01,NULL,0.93333,1,1,1,2,2,2,2,2,2,1
2023-01-01,NULL,0.93333,1,1,1,2,2,2,2,2,2,1
2023-01-01,NULL,0.93333,1,1,1,2,2,2,2,2,2,1
2023-01-01,NULL,0.93333,1,1,1,2,2,2,2,2,2,1
2023-01-01,NULL,0.93333,1,1,1,2,2,2,2,2,2,1
2023-01-01,NULL,0.93333,1,1,1,2,2,2,2,2,2,1
2023-01-01,NULL,0.93333,1,1,1,2,2,2,2,2,2,1
2023-01-01,NULL,0.93333,1,1,1,2,2,2,2,2,2,1
2023-01-01,NULL,0.93333,1,1,1,2,2,2,2,2,2,1
2023-01-01,NULL,0.93333,1,1,1,2,2,2,2,2,39,1
2023-01-01,NULL,0.93333,1,1,1,2,2,2,2,2,40,1
2023-01-01,NULL,0.93333,1,1,1,2,2,2,2,2,40,1
2023-01-01,NULL,0.93333,1,1,1,2,2,7,2,2,41,1
2023-01-01,NULL,0.93333,1,1,1,2,2,7,2,2,71,1
2023-01-01,NULL,0.93333,1,1,1,2,2,7,5,7,43,1
2023-01-01,NULL,0.93333,1,1,1,2,2,7,5,7,43,1
2023-01-01,NULL,0.93333,1,1,1,2,2,7,5,7,43,1
2023-01-01,NULL,0.93333,1,1,1,2,2,7,5,7,43,1
2023-01-01,NULL,0.93333,1,1,1,2,2,7,2,4,28,1
2023-01-01,NULL,0.93333,1,1,1,2,2,7,2,4,28,1
2023-01-01,NULL,1.0,1,1,1,2,2,7,2,4,72,1
2023-01-01,NULL,0.93333,1,1,1,2,2,5,2,2,44,1
2023-01-01,4540000807,0.03418,1,1,2,2,1,1,6,8,56,2
2023-01-01,4540000807,0.0413,1,1,2,2,1,1,6,8,56,2
2023-01-01,4540000807,0.05325,1,1,2,2,1,1,6,8,56,2
2023-01-01,4540000807,0.05372,1,1,2,2,1,1,6,8,56,2
2023-01-01,4540000807,0.05974,1,1,2,2,1,1,6,8,56,2
2023-01-01,4540000807,0.06596,1,1,2,2,1,1,6,8,56,2
2023-01-01,4540000807,0.12319,1,1,2,2,1,1,6,8,56,2
2023-01-01,4540000807,0.1854,1,1,2,2,1,1,6,8,56,2
2023-01-01,4540000807,0.2381,1,1,2,2,1,1,6,8,56,2
2023-01-01,4540000807,0.24642,1,1,2,2,1,1,6,8,56,2
2023-01-01,4540000807,0.28183,1,1,2,2,1,1,6,8,56,2
2023-01-01,4540000807,0.30206,1,1,2,2,1,1,6,8,56,2
2023-01-01,4540000807,0.08166,1,1,2,2,1,1,6,8,56,2
2023-01-01,4540000807,0.10168,1,1,2,2,1,1,6,8,56,2
2023-01-01,4540000807,0.11262,1,1,2,2,1,1,6,8,56,2
2023-01-01,4540000807,0.12218,1,1,2,2,1,1,6,8,56,2
2023-01-01,4540000807,0.1429,1,1,2,2,1,1,6,8,56,2
2023-01-01,4540000807,0.14499,1,1,2,2,1,1,6,8,56,2
2023-01-01,4540000807,0.14546,1,1,2,2,1,1,6,8,56,2
2023-01-01,4540000807,0.14785,1,1,2,2,1,1,6,8,56,2
2023-01-01,4540000807,0.16752,1,1,2,2,1,1,6,8,56,2
2023-01-01,4540000807,0.20473,1,1,2,2,1,1,6,8,56,2
2023-01-01,4540000807,0.21997,1,1,2,2,1,1,6,8,56,2
2023-01-01,4540000807,1.20994,1,1,2,2,1,1,6,8,56,2
2023-01-01,4540000807,1.21791,1,1,2,2,1,1,6,8,56,2
2023-01-01,4540000807,1.25357,1,1,2,2,1,1,6,8,56,2
2023-01-01,4540000807,1.27492,1,1,2,2,1,1,6,8,56,2
2023-01-01,4540000807,1.27549,1,1,2,2,1,1,6,8,56,2
2023-01-01,4540000807,1.28177,1,1,2,2,1,1,6,8,56,2
2023-01-01,4540000807,1.29476,1,1,2,2,1,1,6,8,56,2
2023-01-01,4540000807,1.30079,1,1,2,2,1,1,6,8,56,2
2023-01-01,4540000807,1.33347,1,1,2,2,1,1,6,8,56,2
2023-01-01,4540000807,1.33989,1,1,2,2,1,1,6,8,56,2
2023-01-01,4540000807,1.38668,1,1,2,2,1,1,6,8,56,2
2023-01-01,4540000807,1.39004,1,1,2,2,1,1,6,8,56,2
2023-01-01,4540005125,0.03889,1,1,2,2,1,1,6,8,57,2
2023-01-01,4540005125,0.04762,1,1,2,2,1,1,6,8,57,2
2023-01-01,4540005125,0.06093,1,1,2,2,1,1,6,8,57,2
2023-01-01,4540005125,0.07778,1,1,2,2,1,1,6,8,57,2
2023-01-01,4540005125,0.12366,1,1,2,2,1,1,6,8,57,2
2023-01-01,4540005125,0.23701,1,1,2,2,1,1,6,8,57,2
2023-01-01,4540005125,0.73935,1,1,2,2,1,1,6,8,57,2
2023-01-01,4540005125,0.79032,1,1,2,2,1,1,6,8,57,2
2023-01-01,4540005125,0.84453,1,1,2,2,1,1,6,8,57,2
2023-01-01,4540005125,1.06362,1,1,2,2,1,1,6,8,57,2
2023-01-01,4540005125,1.10139,1,1,2,2,1,1,6,8,57,2
2023-01-01,4540005125,4.67685,1,1,2,2,1,1,6,8,57,2
2023-01-01,4540005125,4.73701,1,1,2,2,1,1,6,8,57,2
2023-01-01,4540005125,4.88519,1,1,2,2,1,1,6,8,57,2
2023-01-01,4540005125,4.90054,1,1,2,2,1,1,6,8,57,2
2023-01-01,4540005125,4.90771,1,1,2,2,1,1,6,8,57,2
2023-01-01,4540005125,5.10618,1,1,2,2,1,1,6,8,57,2
2023-01-01,4540005125,5.2662,1,1,2,2,1,1,6,8,57,2
2023-01-01,4540005125,5.28271,1,1,2,2,1,1,6,8,57,2
2023-01-01,4540005125,5.33468,1,1,2,2,1,1,6,8,57,2
2023-01-01,4540005125,5.41019,1,1,2,2,1,1,6,8,57,2
2023-01-01,4540005125,5.5121,1,1,2,2,1,1,6,8,57,2
2023-01-01,4540005125,5.60317,1,1,2,2,1,1,6,8,57,2
2023-01-01,4540005125,0.62903,1,1,2,2,1,1,6,8,57,2
2023-01-01,4540005125,0.72037,1,1,2,2,1,1,6,8,57,2
2023-01-01,4540005125,0.7379,1,1,2,2,1,1,6,8,57,2
2023-01-01,4540005125,0.74373,1,1,2,2,1,1,6,8,57,2
2023-01-01,4540005125,0.74418,1,1,2,2,1,1,6,8,57,2
2023-01-01,4540005125,0.7537,1,1,2,2,1,1,6,8,57,2
2023-01-01,4540005125,0.89881,1,1,2,2,1,1,6,8,57,2
2023-01-01,4540005125,0.93369,1,1,2,2,1,1,6,8,57,2
2023-01-01,4540005125,0.9422,1,1,2,2,1,1,6,8,57,2
2023-01-01,4540005125,1.16667,1,1,2,2,1,1,6,8,57,2
2023-01-01,4540005125,1.18148,1,1,2,2,1,1,6,8,57,2
2023-01-01,4540005125,1.46371,1,1,2,2,1,1,6,8,57,2
2023-01-01,4540005128,0.00161,1,1,2,2,1,1,8,9,58,2
2023-01-01,4540005128,0.00406,1,1,2,2,1,1,8,9,58,2
2023-01-01,4540005128,0.00482,1,1,2,2,1,1,8,9,58,2
2023-01-01,4540005128,0.00497,1,1,2,2,1,1,8,9,58,2
2023-01-01,4540005128,0.00509,1,1,2,2,1,1,8,9,58,2
2023-01-01,4540005128,0.00585,1,1,2,2,1,1,8,9,58,2
2023-01-01,4540005128,0.00656,1,1,2,2,1,1,8,9,58,2
2023-01-01,4540005128,0.00659,1,1,2,2,1,1,8,9,58,2
2023-01-01,4540005128,0.00693,1,1,2,2,1,1,8,9,58,2
2023-01-01,4540005128,0.00893,1,1,2,2,1,1,8,9,58,2
2023-01-01,4540005128,0.01057,1,1,2,2,1,1,8,9,58,2
2023-01-01,4540005128,0.01232,1,1,2,2,1,1,8,9,58,2
2023-01-01,4540005128,0.01323,1,1,2,2,1,1,8,9,58,2
2023-01-01,4540005128,0.01393,1,1,2,2,1,1,8,9,58,2
2023-01-01,4540005128,0.01401,1,1,2,2,1,1,8,9,58,2
2023-01-01,4540005128,0.01607,1,1,2,2,1,1,8,9,58,2
2023-01-01,4540005128,0.01681,1,1,2,2,1,1,8,9,58,2
2023-01-01,4540005128,0.01917,1,1,2,2,1,1,8,9,58,2
2023-01-01,4540005128,0.02646,1,1,2,2,1,1,8,9,58,2
2023-01-01,4540005128,0.02857,1,1,2,2,1,1,8,9,58,2
2023-01-01,4540005128,0.03606,1,1,2,2,1,1,8,9,58,2
2023-01-01,4540005128,0.03804,1,1,2,2,1,1,8,9,58,2
2023-01-01,4540005128,0.07319,1,1,2,2,1,1,8,9,58,2
2023-01-01,4540005128,0.08206,1,1,2,2,1,1,8,9,58,2
2023-01-01,4540005128,0.09664,1,1,2,2,1,1,8,9,58,2
2023-01-01,4540005128,0.09775,1,1,2,2,1,1,8,9,58,2
2023-01-01,4540005128,0.10639,1,1,2,2,1,1,8,9,58,2
2023-01-01,4540005128,0.10671,1,1,2,2,1,1,8,9,58,2
2023-01-01,4540005128,0.10702,1,1,2,2,1,1,8,9,58,2
2023-01-01,4540005128,0.10775,1,1,2,2,1,1,8,9,58,2
2023-01-01,4540005128,0.10847,1,1,2,2,1,1,8,9,58,2
2023-01-01,4540005128,0.109,1,1,2,2,1,1,8,9,58,2
2023-01-01,4540005128,0.11342,1,1,2,2,1,1,8,9,58,2
2023-01-01,4540005128,0.1145,1,1,2,2,1,1,8,9,58,2
2023-01-01,4540006525,0.75,1,1,2,2,1,1,6,8,73,2
2023-01-01,4540002751,0.18398,1,1,2,2,1,3,8,9,74,2
2023-01-01,4540002751,0.2026,1,1,2,2,1,3,8,9,74,2
2023-01-01,4540002751,0.21589,1,1,2,2,1,3,8,9,74,2
2023-01-01,4540002751,0.21984,1,1,2,2,1,3,8,9,74,2
2023-01-01,4540002751,0.23075,1,1,2,2,1,3,8,9,74,2
2023-01-01,4540002751,0.23543,1,1,2,2,1,3,8,9,74,2
2023-01-01,4540002751,0.23562,1,1,2,2,1,3,8,9,74,2
2023-01-01,4540002751,0.25053,1,1,2,2,1,3,8,9,74,2
2023-01-01,4540002751,0.26817,1,1,2,2,1,3,8,9,74,2
2023-01-01,4540002751,0.28532,1,1,2,2,1,3,8,9,74,2
2023-01-01,4540002751,0.28597,1,1,2,2,1,3,8,9,74,2
2023-01-01,4540002751,0.30403,1,1,2,2,1,3,8,9,74,2
2023-01-01,4540002751,0.32383,1,1,2,2,1,3,8,9,74,2
2023-01-01,4540002751,0.3625,1,1,2,2,1,3,8,9,74,2
2023-01-01,4540002751,0.3625,1,1,2,2,1,3,8,9,74,2
2023-01-01,4540002751,1.19008,1,1,2,2,1,3,8,9,74,2
2023-01-01,4540002751,4.5006,1,1,2,2,1,3,8,9,74,2
2023-01-01,4540002751,4.59079,1,1,2,2,1,3,8,9,74,2
2023-01-01,4540002751,5.31836,1,1,2,2,1,3,8,9,74,2
2023-01-01,4540002751,5.35452,1,1,2,2,1,3,8,9,74,2
2023-01-01,4540002751,5.51685,1,1,2,2,1,3,8,9,74,2
2023-01-01,4540002751,5.54391,1,1,2,2,1,3,8,9,74,2
2023-01-01,4540002751,5.59781,1,1,2,2,1,3,8,9,74,2
2023-01-01,4540002751,5.71166,1,1,2,2,1,3,8,9,74,2
2023-01-01,4540002751,5.74465,1,1,2,2,1,3,8,9,74,2
2023-01-01,4540002751,5.74569,1,1,2,2,1,3,8,9,74,2
2023-01-01,4540002751,5.85639,1,1,2,2,1,3,8,9,74,2
2023-01-01,4540002751,5.89186,1,1,2,2,1,3,8,9,74,2
2023-01-01,4540003024,0.75239,1,1,2,2,1,3,8,9,75,2
2023-01-01,4540003024,1.04262,1,1,2,2,1,3,8,9,75,2
2023-01-01,4540003024,1.19274,1,1,2,2,1,3,8,9,75,2
2023-01-01,4540003024,1.2173,1,1,2,2,1,3,8,9,75,2
2023-01-01,4540003024,1.21808,1,1,2,2,1,3,8,9,75,2
2023-01-01,4540003024,1.22081,1,1,2,2,1,3,8,9,75,2
2023-01-01,4540003024,1.22392,1,1,2,2,1,3,8,9,75,2
2023-01-01,4540003024,1.24147,1,1,2,2,1,3,8,9,75,2
2023-01-01,4540003024,1.24861,1,1,2,2,1,3,8,9,75,2
2023-01-01,4540003024,1.27761,1,1,2,2,1,3,8,9,75,2
2023-01-01,4540003024,1.31864,1,1,2,2,1,3,8,9,75,2
2023-01-01,4540003024,1.33561,1,1,2,2,1,3,8,9,75,2
2023-01-01,4540006525,0.03056,1,1,2,2,1,3,6,8,73,2
2023-01-01,4540005126,0.03274,1,1,2,2,1,4,6,8,62,2
2023-01-01,4540005126,0.05108,1,1,2,2,1,4,6,8,62,2
2023-01-01,4540005126,0.12903,1,1,2,2,1,4,6,8,62,2
2023-01-01,4540005126,0.16398,1,1,2,2,1,4,6,8,62,2
2023-01-01,4540005126,0.1875,1,1,2,2,1,4,6,8,62,2
2023-01-01,4540005126,0.27957,1,1,2,2,1,4,6,8,62,2
2023-01-01,4540005126,0.34946,1,1,2,2,1,4,6,8,62,2
2023-01-01,4540005126,0.41389,1,1,2,2,1,4,6,8,62,2
2023-01-01,4540005126,0.51806,1,1,2,2,1,4,6,8,62,2
2023-01-01,4540005126,0.55376,1,1,2,2,1,4,6,8,62,2
2023-01-01,4540005126,0.55914,1,1,2,2,1,4,6,8,62,2
2023-01-01,4540005126,3.82292,1,1,2,2,1,4,6,8,62,2
2023-01-01,4540005126,3.87097,1,1,2,2,1,4,6,8,62,2
2023-01-01,4540005126,3.98118,1,1,2,2,1,4,6,8,62,2
2023-01-01,4540005126,3.99444,1,1,2,2,1,4,6,8,62,2
2023-01-01,4540005126,4.03333,1,1,2,2,1,4,6,8,62,2
2023-01-01,4540005126,4.03629,1,1,2,2,1,4,6,8,62,2
2023-01-01,4540005126,4.03898,1,1,2,2,1,4,6,8,62,2
2023-01-01,4540005126,4.06452,1,1,2,2,1,4,6,8,62,2
2023-01-01,4540005126,4.17204,1,1,2,2,1,4,6,8,62,2
2023-01-01,4540005126,4.28333,1,1,2,2,1,4,6,8,62,2
2023-01-01,4540005126,4.39583,1,1,2,2,1,4,6,8,62,2
2023-01-01,4540005126,4.47849,1,1,2,2,1,4,6,8,62,2
2023-01-01,4540006525,0.62455,1,1,2,2,1,4,6,8,73,2
2023-01-01,4540000807,0.32474,1,1,2,2,1,2,6,8,56,2
2023-01-01,4540000807,0.39239,1,1,2,2,1,2,6,8,56,2
2023-01-01,4540000807,0.50589,1,1,2,2,1,2,6,8,56,2
2023-01-01,4540000807,0.51035,1,1,2,2,1,2,6,8,56,2
2023-01-01,4540000807,0.5675,1,1,2,2,1,2,6,8,56,2
2023-01-01,4540000807,0.62663,1,1,2,2,1,2,6,8,56,2
2023-01-01,4540000807,1.17033,1,1,2,2,1,2,6,8,56,2
2023-01-01,4540000807,1.76129,1,1,2,2,1,2,6,8,56,2
2023-01-01,4540000807,2.2619,1,1,2,2,1,2,6,8,56,2
2023-01-01,4540000807,2.34095,1,1,2,2,1,2,6,8,56,2
2023-01-01,4540000807,2.67743,1,1,2,2,1,2,6,8,56,2
2023-01-01,4540000807,2.86957,1,1,2,2,1,2,6,8,56,2
2023-01-01,4540000807,0.77575,1,1,2,2,1,2,6,8,56,2
2023-01-01,4540000807,0.96592,1,1,2,2,1,2,6,8,56,2
2023-01-01,4540000807,1.06988,1,1,2,2,1,2,6,8,56,2
2023-01-01,4540000807,1.16072,1,1,2,2,1,2,6,8,56,2
2023-01-01,4540000807,1.35755,1,1,2,2,1,2,6,8,56,2
2023-01-01,4540000807,1.37741,1,1,2,2,1,2,6,8,56,2
2023-01-01,4540000807,1.38186,1,1,2,2,1,2,6,8,56,2
2023-01-01,4540000807,1.40457,1,1,2,2,1,2,6,8,56,2
2023-01-01,4540000807,1.59144,1,1,2,2,1,2,6,8,56,2
2023-01-01,4540000807,1.94491,1,1,2,2,1,2,6,8,56,2
2023-01-01,4540000807,2.08975,1,1,2,2,1,2,6,8,56,2
2023-01-01,4540000807,11.49443,1,1,2,2,1,2,6,8,56,2
2023-01-01,4540000807,11.57017,1,1,2,2,1,2,6,8,56,2
2023-01-01,4540000807,11.90893,1,1,2,2,1,2,6,8,56,2
2023-01-01,4540000807,12.11173,1,1,2,2,1,2,6,8,56,2
2023-01-01,4540000807,12.11711,1,1,2,2,1,2,6,8,56,2
2023-01-01,4540000807,12.17679,1,1,2,2,1,2,6,8,56,2
2023-01-01,4540000807,12.30022,1,1,2,2,1,2,6,8,56,2
2023-01-01,4540000807,12.35754,1,1,2,2,1,2,6,8,56,2
2023-01-01,4540000807,12.66792,1,1,2,2,1,2,6,8,56,2
2023-01-01,4540000807,12.72891,1,1,2,2,1,2,6,8,56,2
2023-01-01,4540000807,13.1735,1,1,2,2,1,2,6,8,56,2
2023-01-01,4540000807,13.20539,1,1,2,2,1,2,6,8,56,2
2023-01-01,4540006484,3.24283,1,1,2,2,1,2,6,8,56,2
2023-01-01,4540006484,3.21852,1,1,2,2,1,2,6,8,56,2
2023-01-01,4540006484,3.09498,1,1,2,2,1,2,6,8,56,2
2023-01-01,4540006484,3.07527,1,1,2,2,1,2,6,8,56,2
2023-01-01,4540006484,3.04537,1,1,2,2,1,2,6,8,56,2
2023-01-01,4540006484,2.97917,1,1,2,2,1,2,6,8,56,2
2023-01-01,4540006484,2.82639,1,1,2,2,1,2,6,8,56,2
2023-01-01,4540006484,2.67428,1,1,2,2,1,2,6,8,56,2
2023-01-01,4540006484,2.63172,1,1,2,2,1,2,6,8,56,2
2023-01-01,4540006484,2.35573,1,1,2,2,1,2,6,8,56,2
2023-01-01,4540006484,1.38839,1,1,2,2,1,2,6,8,56,2
2023-01-01,4540005128,0.046,1,1,2,2,1,2,8,9,58,2
2023-01-01,4540005128,0.11557,1,1,2,2,1,2,8,9,58,2
2023-01-01,4540005128,0.13731,1,1,2,2,1,2,8,9,58,2
2023-01-01,4540005128,0.14154,1,1,2,2,1,2,8,9,58,2
2023-01-01,4540005128,0.145,1,1,2,2,1,2,8,9,58,2
2023-01-01,4540005128,0.16683,1,1,2,2,1,2,8,9,58,2
2023-01-01,4540005128,0.18699,1,1,2,2,1,2,8,9,58,2
2023-01-01,4540005128,0.18785,1,1,2,2,1,2,8,9,58,2
2023-01-01,4540005128,0.19738,1,1,2,2,1,2,8,9,58,2
2023-01-01,4540005128,0.25451,1,1,2,2,1,2,8,9,58,2
2023-01-01,4540005128,0.30126,1,1,2,2,1,2,8,9,58,2
2023-01-01,4540005128,0.35111,1,1,2,2,1,2,8,9,58,2
2023-01-01,4540005128,0.37705,1,1,2,2,1,2,8,9,58,2
2023-01-01,4540005128,0.39693,1,1,2,2,1,2,8,9,58,2
2023-01-01,4540005128,0.39919,1,1,2,2,1,2,8,9,58,2
2023-01-01,4540005128,0.45807,1,1,2,2,1,2,8,9,58,2
2023-01-01,4540005128,0.47916,1,1,2,2,1,2,8,9,58,2
2023-01-01,4540005128,0.54625,1,1,2,2,1,2,8,9,58,2
2023-01-01,4540005128,0.75398,1,1,2,2,1,2,8,9,58,2
2023-01-01,4540005128,0.81422,1,1,2,2,1,2,8,9,58,2
2023-01-01,4540005128,1.02757,1,1,2,2,1,2,8,9,58,2
2023-01-01,4540005128,1.08418,1,1,2,2,1,2,8,9,58,2
2023-01-01,4540005128,2.08603,1,1,2,2,1,2,8,9,58,2
2023-01-01,4540005128,2.33867,1,1,2,2,1,2,8,9,58,2
2023-01-01,4540005128,2.75428,1,1,2,2,1,2,8,9,58,2
2023-01-01,4540005128,2.78577,1,1,2,2,1,2,8,9,58,2
2023-01-01,4540005128,3.03204,1,1,2,2,1,2,8,9,58,2
2023-01-01,4540005128,3.04113,1,1,2,2,1,2,8,9,58,2
2023-01-01,4540005128,3.05007,1,1,2,2,1,2,8,9,58,2
2023-01-01,4540005128,3.0708,1,1,2,2,1,2,8,9,58,2
2023-01-01,4540005128,3.09153,1,1,2,2,1,2,8,9,58,2
2023-01-01,4540005128,3.1065,1,1,2,2,1,2,8,9,58,2
2023-01-01,4540005128,3.23246,1,1,2,2,1,2,8,9,58,2
2023-01-01,4540005128,3.26319,1,1,2,2,1,2,8,9,58,2
2023-01-01,4540006525,0.77957,1,1,2,2,1,2,6,8,73,2
2023-01-01,4540006525,0.78194,1,1,2,2,1,2,6,8,73,2
2023-01-01,4540002751,0.45043,1,1,2,2,2,3,8,9,74,2
2023-01-01,4540002751,0.49601,1,1,2,2,2,3,8,9,74,2
2023-01-01,4540002751,0.52856,1,1,2,2,2,3,8,9,74,2
2023-01-01,4540002751,0.53823,1,1,2,2,2,3,8,9,74,2
2023-01-01,4540002751,0.56495,1,1,2,2,2,3,8,9,74,2
2023-01-01,4540002751,0.5764,1,1,2,2,2,3,8,9,74,2
2023-01-01,4540002751,0.57688,1,1,2,2,2,3,8,9,74,2
2023-01-01,4540002751,0.61336,1,1,2,2,2,3,8,9,74,2
2023-01-01,4540002751,0.65656,1,1,2,2,2,3,8,9,74,2
2023-01-01,4540002751,0.69855,1,1,2,2,2,3,8,9,74,2
2023-01-01,4540002751,0.70013,1,1,2,2,2,3,8,9,74,2
2023-01-01,4540002751,0.74435,1,1,2,2,2,3,8,9,74,2
2023-01-01,4540002751,0.79283,1,1,2,2,2,3,8,9,74,2
2023-01-01,4540002751,0.8875,1,1,2,2,2,3,8,9,74,2
2023-01-01,4540002751,0.8875,1,1,2,2,2,3,8,9,74,2
2023-01-01,4540002751,2.91364,1,1,2,2,2,3,8,9,74,2
2023-01-01,4540002751,11.01872,1,1,2,2,2,3,8,9,74,2
2023-01-01,4540002751,11.23952,1,1,2,2,2,3,8,9,74,2
2023-01-01,4540002751,13.02081,1,1,2,2,2,3,8,9,74,2
2023-01-01,4540002751,13.10935,1,1,2,2,2,3,8,9,74,2
2023-01-01,4540002751,13.50676,1,1,2,2,2,3,8,9,74,2
2023-01-01,4540002751,13.57302,1,1,2,2,2,3,8,9,74,2
2023-01-01,4540002751,13.70497,1,1,2,2,2,3,8,9,74,2
2023-01-01,4540002751,13.98371,1,1,2,2,2,3,8,9,74,2
2023-01-01,4540002751,14.06449,1,1,2,2,2,3,8,9,74,2
2023-01-01,4540002751,14.06703,1,1,2,2,2,3,8,9,74,2
2023-01-01,4540002751,14.33806,1,1,2,2,2,3,8,9,74,2
2023-01-01,4540002751,14.4249,1,1,2,2,2,3,8,9,74,2
2023-01-01,4540003024,1.84206,1,1,2,2,2,3,8,9,75,2
2023-01-01,4540003024,2.55262,1,1,2,2,2,3,8,9,75,2
2023-01-01,4540003024,2.92016,1,1,2,2,2,3,8,9,75,2
2023-01-01,4540003024,2.98028,1,1,2,2,2,3,8,9,75,2
2023-01-01,4540003024,2.98219,1,1,2,2,2,3,8,9,75,2
2023-01-01,4540003024,2.98887,1,1,2,2,2,3,8,9,75,2
2023-01-01,4540003024,2.99651,1,1,2,2,2,3,8,9,75,2
2023-01-01,4540003024,3.03945,1,1,2,2,2,3,8,9,75,2
2023-01-01,4540003024,3.05694,1,1,2,2,2,3,8,9,75,2
2023-01-01,4540003024,3.12794,1,1,2,2,2,3,8,9,75,2
2023-01-01,4540003024,3.2284,1,1,2,2,2,3,8,9,75,2
2023-01-01,4540003024,3.26994,1,1,2,2,2,3,8,9,75,2
2023-01-01,4540004143,3.00538,1,1,2,2,2,4,8,9,68,2
2023-01-01,4540004143,3.10417,1,1,2,2,2,4,8,9,68,2
2023-01-01,4540004143,3.14113,1,1,2,2,2,4,8,9,68,2
2023-01-01,4540004143,3.15179,1,1,2,2,2,4,8,9,68,2
2023-01-01,4540004143,3.17222,1,1,2,2,2,4,8,9,68,2
2023-01-01,4540004143,3.23472,1,1,2,2,2,4,8,9,68,2
2023-01-01,4540004143,3.30914,1,1,2,2,2,4,8,9,68,2
2023-01-01,4540004143,3.33065,1,1,2,2,2,4,8,9,68,2
2023-01-01,4540004143,3.33199,1,1,2,2,2,4,8,9,68,2
2023-01-01,4540004143,3.34167,1,1,2,2,2,4,8,9,68,2
2023-01-01,4540004143,3.41263,1,1,2,2,2,4,8,9,68,2
2023-01-01,4540004143,3.45475,1,1,2,2,2,4,8,9,68,2
2023-01-01,4540005666,0.01478,1,1,2,2,2,7,8,9,76,2
2023-01-01,4540005666,0.01478,1,1,2,2,2,7,8,9,76,2
2023-01-01,4540005666,0.02083,1,1,2,2,2,7,8,9,76,2
2023-01-01,4540005666,0.02083,1,1,2,2,2,7,8,9,76,2
2023-01-01,4540005666,0.03495,1,1,2,2,2,7,8,9,76,2
2023-01-01,4540005666,0.03629,1,1,2,2,2,7,8,9,76,2
2023-01-01,4540005666,0.0375,1,1,2,2,2,7,8,9,76,2
2023-01-01,4540005666,0.03763,1,1,2,2,2,7,8,9,76,2
2023-01-01,4540005666,0.04028,1,1,2,2,2,7,8,9,76,2
2023-01-01,4540005666,0.04032,1,1,2,2,2,7,8,9,76,2
2023-01-01,4540005666,0.04032,1,1,2,2,2,7,8,9,76,2
2023-01-01,4540005666,0.04032,1,1,2,2,2,7,8,9,76,2
2023-01-01,4540005666,0.04032,1,1,2,2,2,7,8,9,76,2
2023-01-01,4540005666,0.04032,1,1,2,2,2,7,8,9,76,2
2023-01-01,4540005666,0.04167,1,1,2,2,2,7,8,9,76,2
2023-01-01,4540005666,0.04167,1,1,2,2,2,7,8,9,76,2
2023-01-01,4540005666,0.0457,1,1,2,2,2,7,8,9,76,2
2023-01-01,4540005666,0.04583,1,1,2,2,2,7,8,9,76,2
2023-01-01,4540005666,0.06806,1,1,2,2,2,7,8,9,76,2
2023-01-01,4540005666,0.07124,1,1,2,2,2,7,8,9,76,2
2023-01-01,4540005666,0.075,1,1,2,2,2,7,8,9,76,2
2023-01-01,4540005666,0.37097,1,1,2,2,2,7,8,9,76,2
2023-01-01,4540001869,4.3983,1,1,2,2,2,5,8,9,69,2
2023-01-01,4540001869,4.44043,1,1,2,2,2,5,8,9,69,2
2023-01-01,4540001869,4.64516,1,1,2,2,2,5,8,9,69,2
2023-01-01,4540001869,4.74815,1,1,2,2,2,5,8,9,69,2
2023-01-01,4540001869,4.84588,1,1,2,2,2,5,8,9,69,2
2023-01-01,4540001869,5.02639,1,1,2,2,2,5,8,9,69,2
2023-01-01,4540001869,5.05287,1,1,2,2,2,5,8,9,69,2
2023-01-01,4540001869,5.09213,1,1,2,2,2,5,8,9,69,2
2023-01-01,4540001869,5.13978,1,1,2,2,2,5,8,9,69,2
2023-01-01,4540001869,5.31407,1,1,2,2,2,5,8,9,69,2
2023-01-01,4540001869,5.35529,1,1,2,2,2,5,8,9,69,2
2023-01-01,4540001869,5.60694,1,1,2,2,2,5,8,9,69,2
2024-01-01,NULL,0.23333,1,1,1,2,1,3,1,1,45,1
2024-01-01,NULL,0.23333,1,1,1,2,1,3,1,1,46,1
2024-01-01,NULL,0.23333,1,1,1,2,1,3,1,1,48,1
2024-01-01,NULL,0.23333,1,1,1,2,1,3,1,1,48,1
2024-01-01,NULL,0.23333,1,1,1,2,1,3,1,1,49,1
2024-01-01,NULL,0.23333,1,1,1,2,1,3,1,1,49,1
2024-01-01,NULL,0.23333,1,1,1,2,1,3,1,1,49,1
2024-01-01,NULL,0.23333,1,1,1,2,1,3,1,1,49,1
2024-01-01,NULL,0.23333,1,1,1,2,1,3,1,1,49,1
2024-01-01,NULL,0.93333,1,1,1,2,1,3,1,1,77,1
2024-01-01,NULL,1.0,1,1,1,2,1,6,1,1,19,1
2024-01-01,NULL,0.93333,1,1,1,2,1,6,1,1,51,1
2024-01-01,NULL,0.93333,1,1,1,2,1,6,1,1,52,1
2024-01-01,NULL,0.93333,1,1,1,2,1,2,1,1,1,1
2024-01-01,NULL,0.93333,1,1,1,2,1,2,1,1,1,1
2024-01-01,NULL,0.93333,1,1,1,2,2,1,2,2,7,1
2024-01-01,NULL,1.0,1,1,1,2,2,1,2,2,50,1
2024-01-01,NULL,1.0,1,1,1,2,2,1,2,2,50,1
2024-01-01,NULL,0.93333,1,1,1,2,2,1,2,2,2,1
2024-01-01,NULL,0.93333,1,1,1,2,2,1,2,2,2,1
2024-01-01,NULL,0.93333,1,1,1,2,2,1,2,2,2,1
2024-01-01,NULL,0.93333,1,1,1,2,2,1,2,2,2,1
2024-01-01,NULL,0.93333,1,1,1,2,2,1,2,2,2,1
2024-01-01,NULL,0.93333,1,1,1,2,2,1,2,2,2,1
2024-01-01,NULL,0.93333,1,1,1,2,2,1,2,2,2,1
2024-01-01,NULL,0.93333,1,1,1,2,2,1,2,2,2,1
2024-01-01,NULL,0.93333,1,1,1,2,2,1,2,2,2,1
2024-01-01,NULL,0.93333,1,1,1,2,2,1,2,2,2,1
2024-01-01,NULL,0.93333,1,1,1,2,2,1,2,2,2,1
2024-01-01,NULL,0.93333,1,1,1,2,2,1,2,2,2,1
2024-01-01,NULL,0.93333,1,1,1,2,2,1,2,2,2,1
2024-01-01,NULL,0.23333,1,1,1,2,2,3,2,2,8,1
2024-01-01,NULL,0.23333,1,1,1,2,2,3,2,2,2,1
2024-01-01,NULL,0.23333,1,1,1,2,2,3,2,2,2,1
2024-01-01,NULL,0.23333,1,1,1,2,2,3,2,2,2,1
2024-01-01,NULL,0.23333,1,1,1,2,2,3,2,2,2,1
2024-01-01,NULL,0.23333,1,1,1,2,2,3,2,2,2,1
2024-01-01,NULL,0.23333,1,1,1,2,2,3,2,2,2,1
2024-01-01,NULL,0.93333,1,1,1,2,2,3,2,2,3,1
2024-01-01,NULL,0.93333,1,1,1,2,2,3,2,2,3,1
2024-01-01,NULL,0.93333,1,1,1,2,2,3,2,2,3,1
2024-01-01,NULL,0.93333,1,1,1,2,2,3,2,2,3,1
2024-01-01,NULL,0.93333,1,1,1,2,2,4,2,2,32,1
2024-01-01,NULL,0.93333,1,1,1,2,2,4,2,2,4,1
2024-01-01,NULL,0.93333,1,1,1,2,2,4,2,2,8,1
2024-01-01,NULL,0.93333,1,1,1,2,2,4,2,2,33,1
2024-01-01,NULL,0.93333,1,1,1,2,2,6,3,3,78,1
2024-01-01,NULL,0.93333,1,1,1,2,2,6,3,3,34,1
2024-01-01,NULL,0.93333,1,1,1,2,2,6,3,3,5,1
2024-01-01,NULL,0.93333,1,1,1,2,2,6,3,3,6,1
2024-01-01,NULL,0.93333,1,1,1,2,2,2,2,2,26,1
2024-01-01,NULL,0.93333,1,1,1,2,2,2,2,2,7,1
2024-01-01,NULL,0.93333,1,1,1,2,2,2,2,2,7,1
2024-01-01,NULL,1.0,1,1,1,2,2,2,2,2,50,1
2024-01-01,NULL,1.0,1,1,1,2,2,2,2,2,50,1
2024-01-01,NULL,1.0,1,1,1,2,2,2,2,2,50,1
2024-01-01,NULL,1.0,1,1,1,2,2,2,2,2,50,1
2024-01-01,NULL,1.0,1,1,1,2,2,2,2,2,50,1
2024-01-01,NULL,1.0,1,1,1,2,2,2,2,2,50,1
2024-01-01,NULL,1.0,1,1,1,2,2,2,2,2,50,1
2024-01-01,NULL,1.0,1,1,1,2,2,2,2,2,50,1
2024-01-01,NULL,0.93333,1,1,1,2,2,2,2,2,2,1
2024-01-01,NULL,0.93333,1,1,1,2,2,2,2,2,2,1
2024-01-01,NULL,0.93333,1,1,1,2,2,2,2,2,2,1
2024-01-01,NULL,0.93333,1,1,1,2,2,2,2,2,2,1
2024-01-01,NULL,0.93333,1,1,1,2,2,2,2,2,2,1
2024-01-01,NULL,0.93333,1,1,1,2,2,2,2,2,2,1
2024-01-01,NULL,0.93333,1,1,1,2,2,2,2,2,2,1
2024-01-01,NULL,0.93333,1,1,1,2,2,2,2,2,2,1
2024-01-01,NULL,0.93333,1,1,1,2,2,2,2,2,2,1
2024-01-01,NULL,0.93333,1,1,1,2,2,2,2,2,2,1
2024-01-01,NULL,0.93333,1,1,1,2,2,2,2,2,2,1
2024-01-01,NULL,0.93333,1,1,1,2,2,2,2,2,2,1
2024-01-01,NULL,0.93333,1,1,1,2,2,2,2,2,2,1
2024-01-01,NULL,0.93333,1,1,1,2,2,2,2,2,2,1
2024-01-01,NULL,0.93333,1,1,1,2,2,2,2,2,2,1
2024-01-01,NULL,0.93333,1,1,1,2,2,2,2,2,2,1
2024-01-01,NULL,0.93333,1,1,1,2,2,2,2,2,2,1
2024-01-01,NULL,0.93333,1,1,1,2,2,2,2,2,2,1
2024-01-01,NULL,0.93333,1,1,1,2,2,2,2,2,2,1
2024-01-01,NULL,0.93333,1,1,1,2,2,2,2,2,2,1
2024-01-01,NULL,0.93333,1,1,1,2,2,2,2,2,2,1
2024-01-01,NULL,0.93333,1,1,1,2,2,2,2,2,2,1
2024-01-01,NULL,0.93333,1,1,1,2,2,2,2,2,2,1
2024-01-01,NULL,0.93333,1,1,1,2,2,2,2,2,2,1
2024-01-01,NULL,0.93333,1,1,1,2,2,2,2,2,2,1
2024-01-01,NULL,0.93333,1,1,1,2,2,2,2,2,2,1
2024-01-01,NULL,0.93333,1,1,1,2,2,2,2,2,2,1
2024-01-01,NULL,0.93333,1,1,1,2,2,2,2,2,2,1
2024-01-01,NULL,0.93333,1,1,1,2,2,2,2,2,2,1
2024-01-01,NULL,0.93333,1,1,1,2,2,2,2,2,2,1
2024-01-01,NULL,0.93333,1,1,1,2,2,2,2,2,2,1
2024-01-01,NULL,0.93333,1,1,1,2,2,2,2,2,2,1
2024-01-01,NULL,0.93333,1,1,1,2,2,2,2,2,2,1
2024-01-01,NULL,0.93333,1,1,1,2,2,2,2,2,2,1
2024-01-01,NULL,0.93333,1,1,1,2,2,2,2,2,2,1
2024-01-01,NULL,0.93333,1,1,1,2,2,2,2,2,2,1
2024-01-01,NULL,0.93333,1,1,1,2,2,2,2,2,2,1
2024-01-01,NULL,0.93333,1,1,1,2,2,2,2,2,2,1
2024-01-01,NULL,0.93333,1,1,1,2,2,2,2,2,2,1
2024-01-01,NULL,0.93333,1,1,1,2,2,2,2,2,2,1
2024-01-01,NULL,0.93333,1,1,1,2,2,2,2,2,2,1
2024-01-01,NULL,0.93333,1,1,1,2,2,2,2,2,2,1
2024-01-01,NULL,0.93333,1,1,1,2,2,2,2,2,2,1
2024-01-01,NULL,0.93333,1,1,1,2,2,2,2,2,2,1
2024-01-01,NULL,0.93333,1,1,1,2,2,2,2,2,2,1
2024-01-01,NULL,0.93333,1,1,1,2,2,2,2,2,2,1
2024-01-01,NULL,0.93333,1,1,1,2,2,2,2,2,2,1
2024-01-01,NULL,0.93333,1,1,1,2,2,2,2,2,2,1
2024-01-01,NULL,0.93333,1,1,1,2,2,2,2,2,2,1
2024-01-01,NULL,0.93333,1,1,1,2,2,2,2,2,2,1
2024-01-01,NULL,0.93333,1,1,1,2,2,2,2,2,2,1
2024-01-01,NULL,0.93333,1,1,1,2,2,2,2,2,2,1
2024-01-01,NULL,0.93333,1,1,1,2,2,2,2,2,2,1
2024-01-01,NULL,0.93333,1,1,1,2,2,2,2,2,2,1
2024-01-01,NULL,0.93333,1,1,1,2,2,2,2,2,2,1
2024-01-01,NULL,0.93333,1,1,1,2,2,2,2,2,2,1
2024-01-01,NULL,0.93333,1,1,1,2,2,2,2,2,2,1
2024-01-01,NULL,0.93333,1,1,1,2,2,2,2,2,2,1
2024-01-01,NULL,0.93333,1,1,1,2,2,2,2,2,2,1
2024-01-01,NULL,0.93333,1,1,1,2,2,2,2,2,2,1
2024-01-01,NULL,0.93333,1,1,1,2,2,2,2,2,2,1
2024-01-01,NULL,0.93333,1,1,1,2,2,2,2,2,2,1
2024-01-01,NULL,0.93333,1,1,1,2,2,2,2,2,2,1
2024-01-01,NULL,0.93333,1,1,1,2,2,2,2,2,2,1
2024-01-01,NULL,0.93333,1,1,1,2,2,2,2,2,2,1
2024-01-01,NULL,0.93333,1,1,1,2,2,2,2,2,2,1
2024-01-01,NULL,0.93333,1,1,1,2,2,2,2,2,2,1
2024-01-01,NULL,0.93333,1,1,1,2,2,2,2,2,2,1
2024-01-01,NULL,0.93333,1,1,1,2,2,2,2,2,2,1
2024-01-01,NULL,0.93333,1,1,1,2,2,2,2,2,2,1
2024-01-01,NULL,0.93333,1,1,1,2,2,2,2,2,2,1
2024-01-01,NULL,0.93333,1,1,1,2,2,7,2,2,11,1
2024-01-01,NULL,0.93333,1,1,1,2,1,1,1,1,13,1
2024-01-01,NULL,0.93333,1,1,1,2,1,1,1,1,14,1
2024-01-01,NULL,0.93333,1,1,1,2,1,1,1,1,15,1
2024-01-01,NULL,0.93333,1,1,1,2,1,1,1,1,15,1
2024-01-01,NULL,0.93333,1,1,1,2,1,3,1,1,70,1
2024-01-01,NULL,0.23333,1,1,1,2,1,3,1,1,79,1
2024-01-01,NULL,0.23333,1,1,1,2,1,3,1,1,79,1
2024-01-01,NULL,0.23333,1,1,1,2,1,3,1,1,79,1
2024-01-01,NULL,0.23333,1,1,1,2,1,3,1,1,79,1
2024-01-01,NULL,0.23333,1,1,1,2,1,3,1,1,79,1
2024-01-01,NULL,0.23333,1,1,1,2,1,3,1,1,79,1
2024-01-01,NULL,0.23333,1,1,1,2,1,3,1,1,79,1
2024-01-01,NULL,0.23333,1,1,1,2,1,3,1,1,79,1
2024-01-01,NULL,0.23333,1,1,1,2,1,3,1,1,79,1
2024-01-01,NULL,0.23333,1,1,1,2,1,3,1,1,79,1
2024-01-01,NULL,0.23333,1,1,1,2,1,3,1,1,79,1
2024-01-01,NULL,0.23333,1,1,1,2,1,3,1,1,79,1
2024-01-01,NULL,0.23333,1,1,1,2,1,3,1,1,79,1
2024-01-01,NULL,0.23333,1,1,1,2,1,3,1,1,79,1
2024-01-01,NULL,0.23333,1,1,1,2,1,3,1,1,28,1
2024-01-01,NULL,0.23333,1,1,1,2,1,3,1,1,28,1
2024-01-01,NULL,0.23333,1,1,1,2,1,3,1,1,28,1
2024-01-01,NULL,0.23333,1,1,1,2,1,3,1,1,28,1
2024-01-01,NULL,0.23333,1,1,1,2,1,3,1,1,45,1
2024-01-01,NULL,0.23333,1,1,1,2,1,3,1,1,45,1
2024-01-01,NULL,0.23333,1,1,1,2,1,3,1,1,45,1
2024-01-01,NULL,0.23333,1,1,1,2,1,3,1,1,45,1
2024-01-01,NULL,0.23333,1,1,1,2,1,3,1,1,45,1
2024-01-01,NULL,0.23333,1,1,1,2,1,3,1,1,45,1
2024-01-01,NULL,0.23333,1,1,1,2,1,3,1,1,45,1
2024-01-01,NULL,0.23333,1,1,1,2,1,3,1,1,45,1
2024-01-01,NULL,0.23333,1,1,1,2,1,3,1,1,45,1
2024-01-01,NULL,0.23333,1,1,1,2,1,3,1,1,45,1
2024-01-01,NULL,0.23333,1,1,1,2,1,3,1,1,46,1
2024-01-01,NULL,0.23333,1,1,1,2,1,3,1,1,46,1
2024-01-01,NULL,0.23333,1,1,1,2,1,3,1,1,46,1
2024-01-01,NULL,0.23333,1,1,1,2,1,3,1,1,46,1
2024-01-01,NULL,0.23333,1,1,1,2,1,3,1,1,47,1
2024-01-01,NULL,0.23333,1,1,1,2,1,3,1,1,47,1
2024-01-01,NULL,0.23333,1,1,1,2,1,3,1,1,47,1
2024-01-01,NULL,0.23333,1,1,1,2,1,3,1,1,47,1
2024-01-01,NULL,0.23333,1,1,1,2,1,3,1,1,47,1
2024-01-01,NULL,0.23333,1,1,1,2,1,3,1,1,47,1
2024-01-01,NULL,0.23333,1,1,1,2,1,3,1,1,47,1
2024-01-01,NULL,0.23333,1,1,1,2,1,3,1,1,47,1
2024-01-01,NULL,0.23333,1,1,1,2,1,3,1,1,47,1
2024-01-01,NULL,0.23333,1,1,1,2,1,3,1,1,48,1
2024-01-01,NULL,0.23333,1,1,1,2,1,3,1,1,48,1
2024-01-01,NULL,0.23333,1,1,1,2,1,3,1,1,48,1
2024-01-01,NULL,0.93333,1,1,1,2,1,3,1,1,16,1
2024-01-01,NULL,0.93333,1,1,1,2,1,3,1,1,77,1
2024-01-01,NULL,0.93333,1,1,1,2,1,3,1,1,77,1
2024-01-01,NULL,0.93333,1,1,1,2,1,3,1,1,77,1
2024-01-01,NULL,0.93333,1,1,1,2,1,3,1,1,17,1
2024-01-01,NULL,0.93333,1,1,1,2,1,4,1,1,15,1
2024-01-01,NULL,0.93333,1,1,1,2,1,4,1,1,15,1
2024-01-01,NULL,0.93333,1,1,1,2,1,6,1,1,18,1
2024-01-01,NULL,0.93333,1,1,1,2,1,6,1,1,20,1
2024-01-01,NULL,1.0,1,1,1,2,1,6,1,1,21,1
2024-01-01,NULL,0.93333,1,1,1,2,1,6,1,1,22,1
2024-01-01,NULL,0.93333,1,1,1,2,1,6,1,1,23,1
2024-01-01,NULL,0.93333,1,1,1,2,1,2,1,1,24,1
2024-01-01,NULL,0.93333,1,1,1,2,1,2,1,1,1,1
2024-01-01,NULL,0.93333,1,1,1,2,1,2,1,1,1,1
2024-01-01,NULL,0.93333,1,1,1,2,1,7,1,1,25,1
2024-01-01,NULL,0.93333,1,1,1,2,2,1,2,2,26,1
2024-01-01,NULL,0.93333,1,1,1,2,2,1,2,2,27,1
2024-01-01,NULL,0.93333,1,1,1,2,2,1,2,2,27,1
2024-01-01,NULL,0.93333,1,1,1,2,2,1,2,2,28,1
2024-01-01,NULL,0.93333,1,1,1,2,2,1,2,2,9,1
2024-01-01,NULL,0.93333,1,1,1,2,2,1,2,2,9,1
2024-01-01,NULL,0.93333,1,1,1,2,2,1,2,2,9,1
2024-01-01,NULL,0.93333,1,1,1,2,2,1,2,2,9,1
2024-01-01,NULL,0.93333,1,1,1,2,2,1,2,2,9,1
2024-01-01,NULL,0.93333,1,1,1,2,2,1,2,4,9,1
2024-01-01,NULL,0.93333,1,1,1,2,2,1,2,2,10,1
2024-01-01,NULL,0.93333,1,1,1,2,2,1,2,2,10,1
2024-01-01,NULL,0.93333,1,1,1,2,2,1,2,2,10,1
2024-01-01,NULL,0.93333,1,1,1,2,2,1,2,2,10,1
2024-01-01,NULL,0.93333,1,1,1,2,2,1,2,2,10,1
2024-01-01,NULL,0.93333,1,1,1,2,2,1,2,2,10,1
2024-01-01,NULL,0.93333,1,1,1,2,2,1,2,2,10,1
2024-01-01,NULL,0.93333,1,1,1,2,2,1,2,2,10,1
2024-01-01,NULL,0.93333,1,1,1,2,2,1,2,2,7,1
2024-01-01,NULL,0.93333,1,1,1,2,2,1,2,2,7,1
2024-01-01,NULL,0.93333,1,1,1,2,2,1,2,2,7,1
2024-01-01,NULL,0.93333,1,1,1,2,2,1,2,2,7,1
2024-01-01,NULL,0.93333,1,1,1,2,2,1,2,2,8,1
2024-01-01,NULL,0.93333,1,1,1,2,2,1,2,2,8,1
2024-01-01,NULL,0.93333,1,1,1,2,2,1,2,2,8,1
2024-01-01,NULL,0.93333,1,1,1,2,2,1,2,2,8,1
2024-01-01,NULL,0.93333,1,1,1,2,2,1,2,2,8,1
2024-01-01,NULL,0.93333,1,1,1,2,2,1,2,2,8,1
2024-01-01,NULL,0.93333,1,1,1,2,2,1,2,2,53,1
2024-01-01,NULL,0.93333,1,1,1,2,2,1,2,2,2,1
2024-01-01,NULL,0.93333,1,1,1,2,2,1,2,2,2,1
2024-01-01,NULL,0.93333,1,1,1,2,2,1,2,2,2,1
2024-01-01,NULL,0.93333,1,1,1,2,2,1,2,2,2,1
2024-01-01,NULL,0.93333,1,1,1,2,2,1,2,2,2,1
2024-01-01,NULL,0.93333,1,1,1,2,2,1,2,2,2,1
2024-01-01,NULL,0.93333,1,1,1,2,2,1,2,2,29,1
2024-01-01,NULL,0.93333,1,1,1,2,2,3,2,2,30,1
2024-01-01,NULL,0.93333,1,1,1,2,2,3,2,2,30,1
2024-01-01,NULL,0.93333,1,1,1,2,2,3,2,2,30,1
2024-01-01,NULL,0.23333,1,1,1,2,2,3,2,2,10,1
2024-01-01,NULL,0.23333,1,1,1,2,2,3,2,4,10,1
2024-01-01,NULL,0.23333,1,1,1,2,2,3,2,2,7,1
2024-01-01,NULL,0.23333,1,1,1,2,2,3,2,2,8,1
2024-01-01,NULL,0.23333,1,1,1,2,2,3,2,2,8,1
2024-01-01,NULL,0.23333,1,1,1,2,2,3,2,2,8,1
2024-01-01,NULL,0.23333,1,1,1,2,2,3,2,2,8,1
2024-01-01,NULL,0.23333,1,1,1,2,2,3,2,2,8,1
2024-01-01,NULL,0.23333,1,1,1,2,2,3,2,2,8,1
2024-01-01,NULL,0.23333,1,1,1,2,2,3,2,2,2,1
2024-01-01,NULL,0.23333,1,1,1,2,2,3,2,2,2,1
2024-01-01,NULL,0.23333,1,1,1,2,2,3,2,2,2,1
2024-01-01,NULL,0.23333,1,1,1,2,2,3,2,2,2,1
2024-01-01,NULL,0.23333,1,1,1,2,2,3,2,2,2,1
2024-01-01,NULL,0.23333,1,1,1,2,2,3,2,2,2,1
2024-01-01,NULL,0.23333,1,1,1,2,2,3,2,2,2,1
2024-01-01,NULL,0.23333,1,1,1,2,2,3,2,2,2,1
2024-01-01,NULL,0.23333,1,1,1,2,2,3,2,2,2,1
2024-01-01,NULL,0.23333,1,1,1,2,2,3,2,2,2,1
2024-01-01,NULL,0.23333,1,1,1,2,2,3,2,2,2,1
2024-01-01,NULL,0.23333,1,1,1,2,2,3,2,2,2,1
2024-01-01,NULL,0.23333,1,1,1,2,2,3,2,2,2,1
2024-01-01,NULL,0.23333,1,1,1,2,2,3,2,2,2,1
2024-01-01,NULL,0.23333,1,1,1,2,2,3,2,2,2,1
2024-01-01,NULL,0.23333,1,1,1,2,2,3,2,2,2,1
2024-01-01,NULL,0.23333,1,1,1,2,2,3,2,2,2,1
2024-01-01,NULL,0.23333,1,1,1,2,2,3,2,2,2,1
2024-01-01,NULL,0.23333,1,1,1,2,2,3,2,2,2,1
2024-01-01,NULL,0.23333,1,1,1,2,2,3,2,2,2,1
2024-01-01,NULL,0.23333,1,1,1,2,2,3,2,2,2,1
2024-01-01,NULL,0.23333,1,1,1,2,2,3,2,2,2,1
2024-01-01,NULL,0.23333,1,1,1,2,2,3,2,2,2,1
2024-01-01,NULL,0.23333,1,1,1,2,2,3,2,2,2,1
2024-01-01,NULL,0.23333,1,1,1,2,2,3,2,2,2,1
2024-01-01,NULL,0.23333,1,1,1,2,2,3,2,2,2,1
2024-01-01,NULL,0.23333,1,1,1,2,2,3,2,2,2,1
2024-01-01,NULL,0.23333,1,1,1,2,2,3,2,2,2,1
2024-01-01,NULL,0.23333,1,1,1,2,2,3,2,2,2,1
2024-01-01,NULL,0.23333,1,1,1,2,2,3,2,2,2,1
2024-01-01,NULL,0.23333,1,1,1,2,2,3,2,2,2,1
2024-01-01,NULL,0.23333,1,1,1,2,2,3,2,2,2,1
2024-01-01,NULL,0.23333,1,1,1,2,2,3,2,2,2,1
2024-01-01,NULL,0.23333,1,1,1,2,2,3,2,2,2,1
2024-01-01,NULL,0.23333,1,1,1,2,2,3,2,2,2,1
2024-01-01,NULL,0.23333,1,1,1,2,2,3,2,2,2,1
2024-01-01,NULL,0.23333,1,1,1,2,2,3,2,2,2,1
2024-01-01,NULL,0.23333,1,1,1,2,2,3,2,2,2,1
2024-01-01,NULL,0.23333,1,1,1,2,2,3,2,2,2,1
2024-01-01,NULL,0.23333,1,1,1,2,2,3,2,2,2,1
2024-01-01,NULL,0.23333,1,1,1,2,2,3,2,2,2,1
2024-01-01,NULL,0.23333,1,1,1,2,2,3,2,2,2,1
2024-01-01,NULL,0.23333,1,1,1,2,2,3,2,2,2,1
2024-01-01,NULL,0.23333,1,1,1,2,2,3,2,2,2,1
2024-01-01,NULL,0.23333,1,1,1,2,2,3,2,2,2,1
2024-01-01,NULL,0.23333,1,1,1,2,2,3,2,2,2,1
2024-01-01,NULL,0.23333,1,1,1,2,2,3,2,2,2,1
2024-01-01,NULL,0.23333,1,1,1,2,2,3,2,2,2,1
2024-01-01,NULL,0.23333,1,1,1,2,2,3,2,2,2,1
2024-01-01,NULL,0.23333,1,1,1,2,2,3,2,2,2,1
2024-01-01,NULL,0.23333,1,1,1,2,2,3,2,2,2,1
2024-01-01,NULL,0.23333,1,1,1,2,2,3,2,2,2,1
2024-01-01,NULL,0.23333,1,1,1,2,2,3,2,2,2,1
2024-01-01,NULL,0.23333,1,1,1,2,2,3,2,2,2,1
2024-01-01,NULL,0.23333,1,1,1,2,2,3,2,2,2,1
2024-01-01,NULL,0.23333,1,1,1,2,2,3,2,2,2,1
2024-01-01,NULL,0.23333,1,1,1,2,2,3,2,2,2,1
2024-01-01,NULL,0.23333,1,1,1,2,2,3,2,2,2,1
2024-01-01,NULL,0.23333,1,1,1,2,2,3,2,2,2,1
2024-01-01,NULL,0.23333,1,1,1,2,2,3,2,2,2,1
2024-01-01,NULL,0.23333,1,1,1,2,2,3,2,2,2,1
2024-01-01,NULL,0.23333,1,1,1,2,2,3,2,2,2,1
2024-01-01,NULL,0.23333,1,1,1,2,2,3,2,2,2,1
2024-01-01,NULL,0.23333,1,1,1,2,2,3,2,2,2,1
2024-01-01,NULL,0.23333,1,1,1,2,2,3,2,2,2,1
2024-01-01,NULL,0.23333,1,1,1,2,2,3,2,2,2,1
2024-01-01,NULL,0.23333,1,1,1,2,2,3,2,2,2,1
2024-01-01,NULL,0.23333,1,1,1,2,2,3,2,2,2,1
2024-01-01,NULL,0.23333,1,1,1,2,2,3,2,2,2,1
2024-01-01,NULL,0.23333,1,1,1,2,2,3,2,2,2,1
2024-01-01,NULL,0.23333,1,1,1,2,2,3,2,2,2,1
2024-01-01,NULL,0.23333,1,1,1,2,2,3,2,2,2,1
2024-01-01,NULL,0.23333,1,1,1,2,2,3,2,2,2,1
2024-01-01,NULL,0.23333,1,1,1,2,2,3,2,2,2,1
2024-01-01,NULL,0.23333,1,1,1,2,2,3,2,2,2,1
2024-01-01,NULL,0.23333,1,1,1,2,2,3,2,2,2,1
2024-01-01,NULL,0.23333,1,1,1,2,2,3,2,2,2,1
2024-01-01,NULL,0.23333,1,1,1,2,2,3,2,2,2,1
2024-01-01,NULL,0.23333,1,1,1,2,2,3,2,2,2,1
2024-01-01,NULL,0.23333,1,1,1,2,2,3,2,2,2,1
2024-01-01,NULL,0.23333,1,1,1,2,2,3,2,2,2,1
2024-01-01,NULL,0.23333,1,1,1,2,2,3,2,2,2,1
2024-01-01,NULL,0.23333,1,1,1,2,2,3,2,2,2,1
2024-01-01,NULL,0.23333,1,1,1,2,2,3,2,2,2,1
2024-01-01,NULL,0.23333,1,1,1,2,2,3,2,2,2,1
2024-01-01,NULL,0.23333,1,1,1,2,2,3,2,2,2,1
2024-01-01,NULL,0.23333,1,1,1,2,2,3,2,2,2,1
2024-01-01,NULL,0.23333,1,1,1,2,2,3,2,2,2,1
2024-01-01,NULL,0.23333,1,1,1,2,2,3,2,2,2,1
2024-01-01,NULL,0.23333,1,1,1,2,2,3,2,2,2,1
2024-01-01,NULL,0.23333,1,1,1,2,2,3,2,2,2,1
2024-01-01,NULL,0.93333,1,1,1,2,2,3,2,2,31,1
2024-01-01,NULL,0.93333,1,1,1,2,2,3,2,2,3,1
2024-01-01,NULL,0.93333,1,1,1,2,2,3,2,2,3,1
2024-01-01,NULL,0.93333,1,1,1,2,2,3,2,2,3,1
2024-01-01,NULL,0.93333,1,1,1,2,2,3,2,2,3,1
2024-01-01,NULL,0.93333,1,1,1,2,2,4,2,2,4,1
2024-01-01,NULL,0.93333,1,1,1,2,2,4,2,2,4,1
2024-01-01,NULL,0.93333,1,1,1,2,2,4,2,2,4,1
2024-01-01,NULL,0.93333,1,1,1,2,2,4,2,2,4,1
2024-01-01,NULL,0.93333,1,1,1,2,2,4,2,2,27,1
2024-01-01,NULL,0.93333,1,1,1,2,2,4,2,2,27,1
2024-01-01,NULL,0.93333,1,1,1,2,2,4,2,2,27,1
2024-01-01,NULL,0.93333,1,1,1,2,2,4,2,4,27,1
2024-01-01,NULL,0.93333,1,1,1,2,2,4,2,2,27,1
2024-01-01,NULL,0.93333,1,1,1,2,2,4,2,2,27,1
2024-01-01,NULL,0.93333,1,1,1,2,2,4,2,2,27,1
2024-01-01,NULL,0.93333,1,1,1,2,2,4,2,2,27,1
2024-01-01,NULL,0.93333,1,1,1,2,2,4,2,2,27,1
2024-01-01,NULL,0.93333,1,1,1,2,2,4,2,2,27,1
2024-01-01,NULL,0.93333,1,1,1,2,2,4,2,2,27,1
2024-01-01,NULL,0.93333,1,1,1,2,2,4,2,2,27,1
2024-01-01,NULL,0.93333,1,1,1,2,2,4,2,2,27,1
2024-01-01,NULL,0.93333,1,1,1,2,2,4,2,2,27,1
2024-01-01,NULL,0.93333,1,1,1,2,2,4,2,2,27,1
2024-01-01,NULL,0.93333,1,1,1,2,2,4,2,2,27,1
2024-01-01,NULL,0.93333,1,1,1,2,2,4,2,2,28,1
2024-01-01,NULL,0.93333,1,1,1,2,2,4,2,2,28,1
2024-01-01,NULL,0.93333,1,1,1,2,2,4,2,2,28,1
2024-01-01,NULL,0.93333,1,1,1,2,2,4,2,2,28,1
2024-01-01,NULL,0.93333,1,1,1,2,2,4,2,2,9,1
2024-01-01,NULL,0.93333,1,1,1,2,2,4,2,2,9,1
2024-01-01,NULL,0.93333,1,1,1,2,2,4,2,2,9,1
2024-01-01,NULL,0.93333,1,1,1,2,2,4,2,2,9,1
2024-01-01,NULL,0.93333,1,1,1,2,2,4,2,2,9,1
2024-01-01,NULL,0.93333,1,1,1,2,2,4,2,2,9,1
2024-01-01,NULL,0.93333,1,1,1,2,2,4,2,2,9,1
2024-01-01,NULL,0.93333,1,1,1,2,2,4,2,2,9,1
2024-01-01,NULL,0.93333,1,1,1,2,2,4,2,2,9,1
2024-01-01,NULL,0.93333,1,1,1,2,2,4,2,2,10,1
2024-01-01,NULL,0.93333,1,1,1,2,2,4,2,2,10,1
2024-01-01,NULL,0.93333,1,1,1,2,2,4,2,2,2,1
2024-01-01,NULL,0.93333,1,1,1,2,2,6,3,3,34,1
2024-01-01,NULL,0.93333,1,1,1,2,2,6,3,3,35,1
2024-01-01,NULL,0.93333,1,1,1,2,2,6,3,3,5,1
2024-01-01,NULL,0.93333,1,1,1,2,2,6,3,3,36,1
2024-01-01,NULL,1.0,1,1,1,2,2,6,3,3,37,1
2024-01-01,NULL,0.93333,1,1,1,2,2,6,2,2,42,1
2024-01-01,NULL,0.93333,1,1,1,2,2,6,2,2,71,1
2024-01-01,NULL,0.93333,1,1,1,2,2,2,2,2,26,1
2024-01-01,NULL,0.93333,1,1,1,2,2,2,2,2,26,1
2024-01-01,NULL,0.93333,1,1,1,2,2,2,2,2,26,1
2024-01-01,NULL,0.93333,1,1,1,2,2,2,2,2,26,1
2024-01-01,NULL,0.93333,1,1,1,2,2,2,2,2,27,1
2024-01-01,NULL,0.93333,1,1,1,2,2,2,2,2,27,1
2024-01-01,NULL,0.93333,1,1,1,2,2,2,2,2,27,1
2024-01-01,NULL,0.93333,1,1,1,2,2,2,2,2,27,1
2024-01-01,NULL,0.93333,1,1,1,2,2,2,2,2,27,1
2024-01-01,NULL,0.93333,1,1,1,2,2,2,2,2,27,1
2024-01-01,NULL,0.93333,1,1,1,2,2,2,2,2,27,1
2024-01-01,NULL,0.93333,1,1,1,2,2,2,2,2,27,1
2024-01-01,NULL,0.93333,1,1,1,2,2,2,2,2,27,1
2024-01-01,NULL,0.93333,1,1,1,2,2,2,2,2,27,1
2024-01-01,NULL,0.93333,1,1,1,2,2,2,2,2,27,1
2024-01-01,NULL,0.93333,1,1,1,2,2,2,2,2,28,1
2024-01-01,NULL,0.93333,1,1,1,2,2,2,2,2,28,1
2024-01-01,NULL,0.93333,1,1,1,2,2,2,2,2,28,1
2024-01-01,NULL,0.93333,1,1,1,2,2,2,2,2,9,1
2024-01-01,NULL,0.93333,1,1,1,2,2,2,2,2,9,1
2024-01-01,NULL,0.93333,1,1,1,2,2,2,2,2,9,1
2024-01-01,NULL,0.93333,1,1,1,2,2,2,2,2,9,1
2024-01-01,NULL,0.93333,1,1,1,2,2,2,2,2,9,1
2024-01-01,NULL,0.93333,1,1,1,2,2,2,2,2,9,1
2024-01-01,NULL,0.93333,1,1,1,2,2,2,2,2,9,1
2024-01-01,NULL,0.93333,1,1,1,2,2,2,2,2,9,1
2024-01-01,NULL,0.93333,1,1,1,2,2,2,2,4,9,1
2024-01-01,NULL,0.93333,1,1,1,2,2,2,2,2,9,1
2024-01-01,NULL,0.93333,1,1,1,2,2,2,2,2,9,1
2024-01-01,NULL,0.93333,1,1,1,2,2,2,2,2,9,1
2024-01-01,NULL,0.93333,1,1,1,2,2,2,2,2,9,1
2024-01-01,NULL,0.93333,1,1,1,2,2,2,2,2,9,1
2024-01-01,NULL,0.93333,1,1,1,2,2,2,2,2,9,1
2024-01-01,NULL,0.93333,1,1,1,2,2,2,2,2,9,1
2024-01-01,NULL,0.93333,1,1,1,2,2,2,2,2,9,1
2024-01-01,NULL,0.93333,1,1,1,2,2,2,2,2,9,1
2024-01-01,NULL,0.93333,1,1,1,2,2,2,2,2,9,1
2024-01-01,NULL,0.93333,1,1,1,2,2,2,2,2,9,1
2024-01-01,NULL,0.93333,1,1,1,2,2,2,2,2,9,1
2024-01-01,NULL,0.93333,1,1,1,2,2,2,2,2,9,1
2024-01-01,NULL,0.93333,1,1,1,2,2,2,2,2,9,1
2024-01-01,NULL,0.93333,1,1,1,2,2,2,2,2,9,1
2024-01-01,NULL,0.93333,1,1,1,2,2,2,2,2,10,1
2024-01-01,NULL,0.93333,1,1,1,2,2,2,2,2,10,1
2024-01-01,NULL,0.93333,1,1,1,2,2,2,2,2,10,1
2024-01-01,NULL,0.93333,1,1,1,2,2,2,2,2,10,1
2024-01-01,NULL,0.93333,1,1,1,2,2,2,2,2,10,1
2024-01-01,NULL,0.93333,1,1,1,2,2,2,2,2,10,1
2024-01-01,NULL,0.93333,1,1,1,2,2,2,2,2,10,1
2024-01-01,NULL,0.93333,1,1,1,2,2,2,2,2,10,1
2024-01-01,NULL,0.93333,1,1,1,2,2,2,2,2,10,1
2024-01-01,NULL,0.93333,1,1,1,2,2,2,2,2,10,1
2024-01-01,NULL,0.93333,1,1,1,2,2,2,2,2,10,1
2024-01-01,NULL,0.93333,1,1,1,2,2,2,2,2,10,1
2024-01-01,NULL,0.93333,1,1,1,2,2,2,2,2,10,1
2024-01-01,NULL,0.93333,1,1,1,2,2,2,2,2,10,1
2024-01-01,NULL,0.93333,1,1,1,2,2,2,2,2,10,1
2024-01-01,NULL,0.93333,1,1,1,2,2,2,2,2,10,1
2024-01-01,NULL,0.93333,1,1,1,2,2,2,2,2,10,1
2024-01-01,NULL,0.93333,1,1,1,2,2,2,2,2,10,1
2024-01-01,NULL,0.93333,1,1,1,2,2,2,2,2,10,1
2024-01-01,NULL,0.93333,1,1,1,2,2,2,2,2,10,1
2024-01-01,NULL,0.93333,1,1,1,2,2,2,2,2,10,1
2024-01-01,NULL,0.93333,1,1,1,2,2,2,2,2,10,1
2024-01-01,NULL,0.93333,1,1,1,2,2,2,2,2,10,1
2024-01-01,NULL,0.93333,1,1,1,2,2,2,2,2,10,1
2024-01-01,NULL,0.93333,1,1,1,2,2,2,2,2,10,1
2024-01-01,NULL,0.93333,1,1,1,2,2,2,2,2,10,1
2024-01-01,NULL,0.93333,1,1,1,2,2,2,2,2,10,1
2024-01-01,NULL,0.93333,1,1,1,2,2,2,2,2,10,1
2024-01-01,NULL,0.93333,1,1,1,2,2,2,2,2,10,1
2024-01-01,NULL,0.93333,1,1,1,2,2,2,2,2,10,1
2024-01-01,NULL,0.93333,1,1,1,2,2,2,2,2,10,1
2024-01-01,NULL,0.93333,1,1,1,2,2,2,2,2,10,1
2024-01-01,NULL,0.93333,1,1,1,2,2,2,2,2,10,1
2024-01-01,NULL,0.93333,1,1,1,2,2,2,2,2,10,1
2024-01-01,NULL,0.93333,1,1,1,2,2,2,2,2,10,1
2024-01-01,NULL,0.93333,1,1,1,2,2,2,2,2,10,1
2024-01-01,NULL,0.93333,1,1,1,2,2,2,2,2,10,1
2024-01-01,NULL,0.93333,1,1,1,2,2,2,2,2,10,1
2024-01-01,NULL,0.93333,1,1,1,2,2,2,2,2,10,1
2024-01-01,NULL,0.93333,1,1,1,2,2,2,2,2,10,1
2024-01-01,NULL,0.93333,1,1,1,2,2,2,2,2,7,1
2024-01-01,NULL,0.93333,1,1,1,2,2,2,2,2,7,1
2024-01-01,NULL,0.93333,1,1,1,2,2,2,2,2,7,1
2024-01-01,NULL,0.93333,1,1,1,2,2,2,2,2,7,1
2024-01-01,NULL,0.93333,1,1,1,2,2,2,2,2,7,1
2024-01-01,NULL,0.93333,1,1,1,2,2,2,2,2,7,1
2024-01-01,NULL,0.93333,1,1,1,2,2,2,2,2,7,1
2024-01-01,NULL,0.93333,1,1,1,2,2,2,2,2,7,1
2024-01-01,NULL,0.93333,1,1,1,2,2,2,2,2,7,1
2024-01-01,NULL,0.93333,1,1,1,2,2,2,2,2,7,1
2024-01-01,NULL,0.93333,1,1,1,2,2,2,2,2,7,1
2024-01-01,NULL,0.93333,1,1,1,2,2,2,2,2,7,1
2024-01-01,NULL,0.93333,1,1,1,2,2,2,2,2,7,1
2024-01-01,NULL,0.93333,1,1,1,2,2,2,2,2,7,1
2024-01-01,NULL,0.93333,1,1,1,2,2,2,2,2,7,1
2024-01-01,NULL,0.93333,1,1,1,2,2,2,2,2,7,1
2024-01-01,NULL,0.93333,1,1,1,2,2,2,2,2,7,1
2024-01-01,NULL,0.93333,1,1,1,2,2,2,2,2,7,1
2024-01-01,NULL,0.93333,1,1,1,2,2,2,2,2,7,1
2024-01-01,NULL,0.93333,1,1,1,2,2,2,2,2,7,1
2024-01-01,NULL,0.93333,1,1,1,2,2,2,2,2,8,1
2024-01-01,NULL,0.93333,1,1,1,2,2,2,2,2,8,1
2024-01-01,NULL,0.93333,1,1,1,2,2,2,2,2,8,1
2024-01-01,NULL,0.93333,1,1,1,2,2,2,2,2,8,1
2024-01-01,NULL,0.93333,1,1,1,2,2,2,2,2,8,1
2024-01-01,NULL,0.93333,1,1,1,2,2,2,2,2,8,1
2024-01-01,NULL,0.93333,1,1,1,2,2,2,2,2,8,1
2024-01-01,NULL,0.93333,1,1,1,2,2,2,2,2,8,1
2024-01-01,NULL,0.93333,1,1,1,2,2,2,2,2,8,1
2024-01-01,NULL,0.93333,1,1,1,2,2,2,2,2,8,1
2024-01-01,NULL,0.93333,1,1,1,2,2,2,2,2,8,1
2024-01-01,NULL,0.93333,1,1,1,2,2,2,2,2,8,1
2024-01-01,NULL,0.93333,1,1,1,2,2,2,2,2,8,1
2024-01-01,NULL,0.93333,1,1,1,2,2,2,2,2,8,1
2024-01-01,NULL,0.93333,1,1,1,2,2,2,2,2,8,1
2024-01-01,NULL,0.93333,1,1,1,2,2,2,2,2,8,1
2024-01-01,NULL,0.93333,1,1,1,2,2,2,2,2,8,1
2024-01-01,NULL,0.93333,1,1,1,2,2,2,2,2,8,1
2024-01-01,NULL,0.93333,1,1,1,2,2,2,2,2,8,1
2024-01-01,NULL,0.93333,1,1,1,2,2,2,2,2,8,1
2024-01-01,NULL,0.93333,1,1,1,2,2,2,2,2,8,1
2024-01-01,NULL,0.93333,1,1,1,2,2,2,2,2,8,1
2024-01-01,NULL,0.93333,1,1,1,2,2,2,2,2,8,1
2024-01-01,NULL,0.93333,1,1,1,2,2,2,2,2,8,1
2024-01-01,NULL,0.93333,1,1,1,2,2,2,2,2,8,1
2024-01-01,NULL,0.93333,1,1,1,2,2,2,2,2,8,1
2024-01-01,NULL,0.93333,1,1,1,2,2,2,2,2,8,1
2024-01-01,NULL,0.93333,1,1,1,2,2,2,2,2,8,1
2024-01-01,NULL,0.93333,1,1,1,2,2,2,2,2,8,1
2024-01-01,NULL,0.93333,1,1,1,2,2,2,2,2,8,1
2024-01-01,NULL,0.93333,1,1,1,2,2,2,2,2,8,1
2024-01-01,NULL,0.93333,1,1,1,2,2,2,2,2,8,1
2024-01-01,NULL,1.0,1,1,1,2,2,2,2,2,50,1
2024-01-01,NULL,0.93333,1,1,1,2,2,2,2,2,53,1
2024-01-01,NULL,0.93333,1,1,1,2,2,2,2,2,53,1
2024-01-01,NULL,0.93333,1,1,1,2,2,2,2,2,53,1
2024-01-01,NULL,0.93333,1,1,1,2,2,2,2,2,2,1
2024-01-01,NULL,0.93333,1,1,1,2,2,2,2,2,2,1
2024-01-01,NULL,0.93333,1,1,1,2,2,2,2,2,2,1
2024-01-01,NULL,0.93333,1,1,1,2,2,2,2,2,2,1
2024-01-01,NULL,0.93333,1,1,1,2,2,2,2,2,2,1
2024-01-01,NULL,0.93333,1,1,1,2,2,2,2,2,2,1
2024-01-01,NULL,0.93333,1,1,1,2,2,2,2,2,2,1
2024-01-01,NULL,0.93333,1,1,1,2,2,2,2,2,2,1
2024-01-01,NULL,0.93333,1,1,1,2,2,2,2,2,2,1
2024-01-01,NULL,0.93333,1,1,1,2,2,2,2,2,2,1
2024-01-01,NULL,0.93333,1,1,1,2,2,2,2,2,2,1
2024-01-01,NULL,0.93333,1,1,1,2,2,2,2,2,2,1
2024-01-01,NULL,0.93333,1,1,1,2,2,2,2,2,2,1
2024-01-01,NULL,0.93333,1,1,1,2,2,2,2,2,2,1
2024-01-01,NULL,0.93333,1,1,1,2,2,2,2,2,2,1
2024-01-01,NULL,0.93333,1,1,1,2,2,2,2,2,2,1
2024-01-01,NULL,0.93333,1,1,1,2,2,2,2,2,2,1
2024-01-01,NULL,0.93333,1,1,1,2,2,2,2,2,2,1
2024-01-01,NULL,0.93333,1,1,1,2,2,2,2,2,2,1
2024-01-01,NULL,0.93333,1,1,1,2,2,2,2,2,2,1
2024-01-01,NULL,0.93333,1,1,1,2,2,2,2,2,2,1
2024-01-01,NULL,0.93333,1,1,1,2,2,2,2,2,2,1
2024-01-01,NULL,0.93333,1,1,1,2,2,2,2,2,2,1
2024-01-01,NULL,0.93333,1,1,1,2,2,2,2,2,2,1
2024-01-01,NULL,0.93333,1,1,1,2,2,2,2,2,2,1
2024-01-01,NULL,0.93333,1,1,1,2,2,2,2,2,2,1
2024-01-01,NULL,0.93333,1,1,1,2,2,2,2,2,2,1
2024-01-01,NULL,0.93333,1,1,1,2,2,2,2,2,2,1
2024-01-01,NULL,0.93333,1,1,1,2,2,2,2,2,2,1
2024-01-01,NULL,0.93333,1,1,1,2,2,2,2,2,39,1
2024-01-01,NULL,0.93333,1,1,1,2,2,2,2,2,40,1
2024-01-01,NULL,0.93333,1,1,1,2,2,2,2,2,40,1
2024-01-01,NULL,0.93333,1,1,1,2,2,7,2,2,41,1
2024-01-01,NULL,0.93333,1,1,1,2,2,7,5,7,43,1
2024-01-01,NULL,0.93333,1,1,1,2,2,7,5,7,43,1
2024-01-01,NULL,0.93333,1,1,1,2,2,7,5,7,43,1
2024-01-01,NULL,0.93333,1,1,1,2,2,7,5,7,43,1
2024-01-01,NULL,0.93333,1,1,1,2,2,7,2,4,28,1
2024-01-01,NULL,0.93333,1,1,1,2,2,7,2,4,28,1
2024-01-01,NULL,1.0,1,1,1,2,2,7,2,4,72,1
2024-01-01,NULL,0.93333,1,1,1,2,2,5,2,2,44,1
2024-01-01,4540000807,13.93389,1,1,2,2,1,1,6,8,56,2
2024-01-01,4540000807,1.11113,1,1,2,2,1,1,6,8,56,2
2024-01-01,4540000807,1.28732,1,1,2,2,1,1,6,8,56,2
2024-01-01,4540005125,60.76307,1,1,2,2,1,1,6,8,57,2
2024-01-01,4540005125,4.24075,1,1,2,2,1,1,6,8,57,2
2024-01-01,4540005125,11.2551,1,1,2,2,1,1,6,8,57,2
2024-01-01,4540005128,1.57625,1,1,2,2,1,1,8,9,58,2
2024-01-01,4540005128,0.12598,1,1,2,2,1,1,8,9,58,2
2024-01-01,4540005128,0.09165,1,1,2,2,1,1,8,9,58,2
2024-01-01,4540002751,5.31004,1,1,2,2,1,3,8,9,59,2
2024-01-01,4540003024,14.86475,1,1,2,2,1,3,8,9,59,2
2024-01-01,S/I,89.3,1,1,2,2,1,3,NULL,9,80,2
2024-01-01,4540005126,48.64597,1,1,2,2,1,4,6,8,62,2
2024-01-01,4540005126,3.53994,1,1,2,2,1,4,6,8,62,2
2024-01-01,4530051955,5.65015,1,1,2,2,1,2,6,8,81,2
2024-01-01,4540005838,0.29672,1,1,2,2,1,2,6,8,82,2
2024-01-01,4540000807,132.37196,1,1,2,2,1,2,6,8,56,2
2024-01-01,4540000807,10.55569,1,1,2,2,1,2,6,8,56,2
2024-01-01,4540000807,12.22953,1,1,2,2,1,2,6,8,56,2
2024-01-01,4540006484,26.68295,1,1,2,2,1,2,6,8,56,2
2024-01-01,4540007662,13.68369,1,1,2,2,1,2,6,NULL,83,2
2024-01-01,4540007662,1.21909,1,1,2,2,1,2,6,NULL,83,2
2024-01-01,4540007662,1.52867,1,1,2,2,1,2,6,NULL,83,2
2024-01-01,4540005128,44.92303,1,1,2,2,1,2,8,9,58,2
2024-01-01,4540005128,3.5904,1,1,2,2,1,2,8,9,58,2
2024-01-01,4540005128,2.61212,1,1,2,2,1,2,8,9,58,2
2024-01-01,4540006525,1.46077,1,1,2,2,1,2,6,8,73,2
2024-01-01,4540002751,13.00043,1,1,2,2,2,3,8,9,59,2
2024-01-01,4540003024,36.393,1,1,2,2,2,3,8,9,59,2
2024-01-01,S/I,37.0,1,1,2,2,2,3,NULL,9,80,2
2024-01-01,4540004143,37.84377,1,1,2,2,2,4,8,9,68,2
2024-01-01,4540004143,0.80519,1,1,2,2,2,4,8,9,68,2
2024-01-01,4540007264,8.16776,1,1,2,2,2,4,8,9,84,2
2024-01-01,4540005666,0.54755,1,1,2,2,2,2,8,9,76,2
2024-01-01,3540005666,0.72903,1,1,2,2,2,7,8,NULL,85,2
2024-01-01,4540001869,61.7887,1,1,2,2,2,5,8,9,69,2
